State,Ini_Colonies,Max_Colonies,Lost_Colonies,Percent_Loss,Added_Colonies,Renovated_Colonies,Percent_Renovated,Year
Alabama,7000,7000,1800,25.71428571428571,2800,250,3.571428571428571,2015-Q1
Arizona,35000,35000,4600,13.142857142857142,3400,2100,6.0,2015-Q1
Arkansas,13000,14000,1500,10.714285714285714,1200,90,0.6923076923076923,2015-Q1
California,1440000,1690000,255000,15.088757396449704,250000,124000,8.61111111111111,2015-Q1
Colorado,3500,12500,1500,12.0,200,140,4.0,2015-Q1
Connecticut,3900,3900,870,22.30769230769231,290,0,0.0,2015-Q1
Florida,305000,315000,42000,13.333333333333334,54000,25000,8.19672131147541,2015-Q1
Georgia,104000,105000,14500,13.80952380952381,47000,9500,9.134615384615383,2015-Q1
Hawaii,10500,10500,380,3.619047619047619,3400,760,7.238095238095238,2015-Q1
Idaho,81000,88000,3700,4.204545454545454,2600,8000,9.876543209876543,2015-Q1
Illinois,6000,10500,4200,40.0,2300,390,6.5,2015-Q1
Indiana,9000,9500,2100,22.105263157894736,490,120,1.3333333333333335,2015-Q1
Iowa,12500,17500,3100,17.71428571428571,1700,270,2.16,2015-Q1
Kansas,4600,7000,1600,22.857142857142858,450,70,1.5217391304347827,2015-Q1
Kentucky,7500,10500,4100,39.04761904761905,250,0,0.0,2015-Q1
Louisiana,51000,51000,8000,15.686274509803921,3100,6500,12.745098039215685,2015-Q1
Maine,3100,6500,380,5.846153846153846,20,0,0.0,2015-Q1
Maryland,7500,10000,4100,41.0,1600,870,11.600000000000001,2015-Q1
Massachusetts,2900,4600,1000,21.73913043478261,260,120,4.137931034482759,2015-Q1
Michigan,16500,60000,11500,19.166666666666668,7500,2400,14.545454545454545,2015-Q1
Minnesota,28000,74000,3700,5.0,690,530,1.892857142857143,2015-Q1
Mississippi,34000,76000,8500,11.18421052631579,22000,7500,22.058823529411764,2015-Q1
Missouri,12000,13000,2000,15.384615384615385,220,910,7.583333333333334,2015-Q1
Montana,8500,36000,2200,6.111111111111111,1400,1100,12.941176470588237,2015-Q1
Nebraska,10000,31000,2600,8.38709677419355,120,310,3.1,2015-Q1
New Jersey,6000,9000,1100,12.222222222222221,570,1600,26.666666666666668,2015-Q1
New Mexico,7000,7000,690,9.857142857142858,190,600,8.571428571428571,2015-Q1
New York,27000,30000,6500,21.666666666666668,430,950,3.5185185185185186,2015-Q1
North Carolina,24000,26000,7000,26.923076923076923,6000,690,2.875,2015-Q1
North Dakota,57000,120000,620,0.5166666666666666,1800,530,0.9298245614035089,2015-Q1
Ohio,18000,22000,10500,47.72727272727273,5000,3300,18.333333333333332,2015-Q1
Oklahoma,9500,26000,6000,23.076923076923077,2600,260,2.736842105263158,2015-Q1
Oregon,77000,87000,6500,7.471264367816093,4300,2400,3.116883116883117,2015-Q1
Pennsylvania,14000,21000,6500,30.952380952380953,360,0,0.0,2015-Q1
South Carolina,17000,17500,2700,15.428571428571427,2700,1400,8.235294117647058,2015-Q1
South Dakota,50000,97000,4600,4.742268041237113,8500,2800,5.6000000000000005,2015-Q1
Tennessee,9500,9500,2000,21.052631578947366,1000,190,2.0,2015-Q1
Texas,191000,250000,26000,10.4,82000,51000,26.701570680628272,2015-Q1
Utah,6000,24000,3300,13.750000000000002,2500,290,4.833333333333333,2015-Q1
Vermont,5500,5500,700,12.727272727272727,1200,20,0.36363636363636365,2015-Q1
Virginia,8000,9000,2500,27.77777777777778,800,460,5.75,2015-Q1
Washington,52000,105000,14000,13.333333333333334,13500,9000,17.307692307692307,2015-Q1
West Virginia,4700,6000,1800,30.0,570,60,1.276595744680851,2015-Q1
Wisconsin,16500,29000,8000,27.586206896551722,3100,2500,15.151515151515152,2015-Q1
Wyoming,5500,12000,2000,16.666666666666664,2000,1400,25.454545454545453,2015-Q1
Other,3410,8990,2080,23.136818687430477,870,150,4.398826979472141,2015-Q1
United States,2824610,3619490,500020,13.814653445651182,546980,270530,9.57760540393187,2015-Q1
Alabama,7500,7500,860,11.466666666666667,1900,680,9.066666666666666,2015-Q2
Arizona,33000,33000,5500,16.666666666666664,19500,7000,21.21212121212121,2015-Q2
Arkansas,13500,13500,1900,14.074074074074074,11500,5500,40.74074074074074,2015-Q2
California,1040000,1050000,104000,9.904761904761905,170000,285000,27.403846153846157,2015-Q2
Colorado,12000,25000,1900,7.6,6000,3500,29.166666666666668,2015-Q2
Connecticut,3000,3000,80,2.666666666666667,1100,150,5.0,2015-Q2
Florida,210000,215000,35000,16.27906976744186,44000,24000,11.428571428571429,2015-Q2
Georgia,114000,124000,23000,18.548387096774192,25000,19000,16.666666666666664,2015-Q2
Hawaii,13500,13500,120,0.8888888888888888,1100,1200,8.88888888888889,2015-Q2
Idaho,62000,72000,6500,9.027777777777777,16500,10500,16.93548387096774,2015-Q2
Illinois,9500,9500,1300,13.684210526315791,6000,1500,15.789473684210526,2015-Q2
Indiana,8000,12500,1300,10.4,4900,4300,53.75,2015-Q2
Iowa,12500,24000,1400,5.833333333333333,6500,3100,24.8,2015-Q2
Kansas,6000,7000,670,9.571428571428571,2800,420,7.000000000000001,2015-Q2
Kentucky,7500,8500,980,11.529411764705882,3600,1500,20.0,2015-Q2
Louisiana,44000,45000,1800,4.0,6500,8000,18.181818181818183,2015-Q2
Maine,4600,30000,3200,10.666666666666668,3500,700,15.217391304347828,2015-Q2
Maryland,8000,11000,370,3.3636363636363638,2600,710,8.875,2015-Q2
Massachusetts,4100,14000,320,2.2857142857142856,940,510,12.439024390243903,2015-Q2
Michigan,58000,88000,9500,10.795454545454545,13500,5500,9.482758620689655,2015-Q2
Minnesota,71000,125000,12500,10.0,20000,21000,29.577464788732392,2015-Q2
Mississippi,89000,89000,11000,12.359550561797752,5500,10000,11.235955056179774,2015-Q2
Missouri,11500,12500,500,4.0,1900,1800,15.65217391304348,2015-Q2
Montana,36000,210000,4200,2.0,14000,33000,91.66666666666666,2015-Q2
Nebraska,29000,68000,4100,6.029411764705882,15500,4600,15.862068965517242,2015-Q2
New Jersey,8500,19000,1800,9.473684210526317,2100,2900,34.11764705882353,2015-Q2
New Mexico,6500,8500,1000,11.76470588235294,1500,330,5.076923076923077,2015-Q2
New York,24000,34000,1100,3.2352941176470593,11000,1500,6.25,2015-Q2
North Carolina,19500,23000,1800,7.82608695652174,5500,3300,16.923076923076923,2015-Q2
North Dakota,121000,450000,29000,6.444444444444445,39000,61000,50.413223140495866,2015-Q2
Ohio,17500,19000,2100,11.052631578947368,10000,6000,34.285714285714285,2015-Q2
Oklahoma,25000,27000,2200,8.148148148148149,5500,2200,8.799999999999999,2015-Q2
Oregon,82000,95000,5500,5.7894736842105265,14500,9500,11.585365853658537,2015-Q2
Pennsylvania,15500,19000,1600,8.421052631578947,8500,2600,16.7741935483871,2015-Q2
South Carolina,17500,18500,950,5.135135135135135,1100,2000,11.428571428571429,2015-Q2
South Dakota,100000,290000,21000,7.241379310344828,27000,23000,23.0,2015-Q2
Tennessee,7500,7500,730,9.733333333333333,3600,920,12.266666666666666,2015-Q2
Texas,305000,315000,33000,10.476190476190476,76000,94000,30.81967213114754,2015-Q2
Utah,24000,27000,3400,12.592592592592592,10000,3900,16.25,2015-Q2
Vermont,6000,6000,100,1.6666666666666667,580,50,0.8333333333333334,2015-Q2
Virginia,7500,7500,270,3.5999999999999996,2100,430,5.733333333333333,2015-Q2
Washington,105000,127000,5000,3.937007874015748,15000,13000,12.380952380952381,2015-Q2
West Virginia,4700,4700,570,12.127659574468085,2900,590,12.553191489361701,2015-Q2
Wisconsin,25000,65000,4600,7.076923076923077,10000,5500,22.0,2015-Q2
Wyoming,12000,25000,3200,12.8,7500,5000,41.66666666666667,2015-Q2
Other,8600,11200,1940,17.32142857142857,4140,1960,22.790697674418606,2015-Q2
United States,2849500,3909400,352860,9.025937484012891,661860,692850,24.314792068783998,2015-Q2
Alabama,8500,9000,1400,15.555555555555555,160,260,3.058823529411765,2015-Q3
Arizona,40000,40000,6000,15.0,4300,15500,38.75,2015-Q3
Arkansas,23000,30000,9000,30.0,500,210,0.9130434782608696,2015-Q3
California,730000,800000,76000,9.5,40000,93000,12.73972602739726,2015-Q3
Colorado,29000,30000,4500,15.0,1400,1400,4.827586206896552,2015-Q3
Connecticut,3700,3700,50,1.3513513513513513,190,440,11.891891891891893,2015-Q3
Florida,164000,220000,36000,16.363636363636363,37000,29000,17.682926829268293,2015-Q3
Georgia,108000,110000,13000,11.818181818181818,19500,15500,14.351851851851851,2015-Q3
Hawaii,14500,14500,2700,18.620689655172416,1200,5500,37.93103448275862,2015-Q3
Idaho,80000,128000,14000,10.9375,5500,11500,14.374999999999998,2015-Q3
Illinois,14000,14000,1400,10.0,1300,1100,7.857142857142857,2015-Q3
Indiana,15000,15000,1600,10.666666666666668,1400,420,2.8000000000000003,2015-Q3
Iowa,29000,37000,3000,8.108108108108109,640,680,2.344827586206897,2015-Q3
Kansas,9000,9500,1000,10.526315789473683,100,160,1.7777777777777777,2015-Q3
Kentucky,10000,10000,1300,13.0,170,550,5.5,2015-Q3
Louisiana,50000,55000,2000,3.6363636363636362,2300,1800,3.5999999999999996,2015-Q3
Maine,6000,6000,450,7.5,410,140,2.3333333333333335,2015-Q3
Maryland,7000,7500,680,9.066666666666666,730,70,1.0,2015-Q3
Massachusetts,7500,7500,560,7.466666666666668,290,400,5.333333333333334,2015-Q3
Michigan,89000,89000,7000,7.865168539325842,3300,3800,4.269662921348314,2015-Q3
Minnesota,133000,136000,32000,23.52941176470588,640,2300,1.7293233082706767,2015-Q3
Mississippi,23000,34000,3500,10.294117647058822,260,110,0.47826086956521735,2015-Q3
Missouri,14000,14000,1200,8.571428571428571,700,630,4.5,2015-Q3
Montana,140000,156000,10500,6.730769230769231,3200,10000,7.142857142857142,2015-Q3
Nebraska,67000,77000,6000,7.792207792207792,500,6000,8.955223880597014,2015-Q3
New Jersey,18500,18500,210,1.135135135135135,190,500,2.7027027027027026,2015-Q3
New Mexico,6500,6500,1600,24.615384615384617,1300,650,10.0,2015-Q3
New York,44000,47000,6500,13.829787234042554,4400,7000,15.909090909090908,2015-Q3
North Carolina,24000,24000,2900,12.083333333333334,2500,1100,4.583333333333333,2015-Q3
North Dakota,460000,500000,93000,18.6,11000,22000,4.782608695652174,2015-Q3
Ohio,23000,23000,1900,8.26086956521739,2300,880,3.826086956521739,2015-Q3
Oklahoma,19500,22000,230,1.0454545454545454,160,190,0.9743589743589745,2015-Q3
Oregon,68000,100000,8500,8.5,8000,21000,30.88235294117647,2015-Q3
Pennsylvania,25000,25000,1800,7.199999999999999,1800,2400,9.6,2015-Q3
South Carolina,12000,12000,2000,16.666666666666664,880,580,4.833333333333333,2015-Q3
South Dakota,295000,295000,53000,17.966101694915253,2100,13000,4.406779661016949,2015-Q3
Tennessee,10000,10000,1200,12.0,500,350,3.5000000000000004,2015-Q3
Texas,76000,136000,16500,12.132352941176471,5500,4800,6.315789473684211,2015-Q3
Utah,31000,36000,8000,22.22222222222222,1400,2200,7.096774193548387,2015-Q3
Vermont,6000,6500,40,0.6153846153846154,30,20,0.33333333333333337,2015-Q3
Virginia,8000,8000,680,8.5,520,220,2.75,2015-Q3
Washington,84000,97000,11500,11.855670103092782,1800,20000,23.809523809523807,2015-Q3
West Virginia,7000,7000,300,4.285714285714286,300,270,3.8571428571428568,2015-Q3
Wisconsin,60000,62000,9000,14.516129032258066,1300,4300,7.166666666666667,2015-Q3
Wyoming,29000,35000,2500,7.142857142857142,270,440,1.5172413793103448,2015-Q3
Other,12180,12280,900,7.32899022801303,1050,700,5.747126436781609,2015-Q3
United States,3132880,3535480,457100,12.928937513435235,172990,303070,9.673846428845025,2015-Q3
Alabama,8000,8000,610,7.625,80,60,0.75,2015-Q4
Arizona,36000,39000,12000,30.76923076923077,3000,16000,44.44444444444444,2015-Q4
Arkansas,23000,27000,2400,8.88888888888889,1900,0,0.0,2015-Q4
California,750000,1260000,149000,11.825396825396824,39000,75000,10.0,2015-Q4
Colorado,24000,24000,2500,10.416666666666668,3400,0,0.0,2015-Q4
Connecticut,3200,3200,210,6.5625,40,70,2.1875,2015-Q4
Florida,220000,260000,37000,14.23076923076923,30000,28000,12.727272727272727,2015-Q4
Georgia,110000,121000,18000,14.87603305785124,4400,1900,1.7272727272727273,2015-Q4
Hawaii,13000,13000,690,5.3076923076923075,2700,760,5.846153846153846,2015-Q4
Idaho,121000,145000,22000,15.172413793103448,5500,5500,4.545454545454546,2015-Q4
Illinois,14000,14000,690,4.928571428571429,0,30,0.2142857142857143,2015-Q4
Indiana,11500,11500,1100,9.565217391304348,140,0,0.0,2015-Q4
Iowa,35000,35000,4300,12.285714285714286,40,30,0.08571428571428572,2015-Q4
Kansas,8500,8500,3400,40.0,50,20,0.2352941176470588,2015-Q4
Kentucky,8500,8500,1100,12.941176470588237,20,10,0.1176470588235294,2015-Q4
Louisiana,55000,71000,4900,6.901408450704226,1100,2400,4.363636363636364,2015-Q4
Maine,4700,4700,60,1.276595744680851,530,20,0.425531914893617,2015-Q4
Maryland,7500,9500,730,7.684210526315789,0,0,0.0,2015-Q4
Massachusetts,4500,4500,260,5.777777777777778,30,30,0.6666666666666667,2015-Q4
Michigan,67000,73000,9000,12.32876712328767,210,1600,2.3880597014925375,2015-Q4
Minnesota,104000,105000,10000,9.523809523809524,600,40,0.038461538461538464,2015-Q4
Mississippi,31000,34000,1500,4.411764705882353,500,230,0.7419354838709677,2015-Q4
Missouri,13500,13500,690,5.111111111111112,30,40,0.2962962962962963,2015-Q4
Montana,116000,123000,10000,8.130081300813007,1000,80,0.06896551724137931,2015-Q4
Nebraska,72000,73000,7000,9.58904109589041,10,5500,7.638888888888889,2015-Q4
New Jersey,8000,8500,270,3.176470588235294,20,10,0.125,2015-Q4
New Mexico,6000,6000,290,4.833333333333333,290,30,0.5,2015-Q4
New York,45000,45000,4000,8.88888888888889,260,10,0.022222222222222223,2015-Q4
North Carolina,22000,22000,2200,10.0,510,70,0.3181818181818182,2015-Q4
North Dakota,230000,275000,35000,12.727272727272727,2700,9000,3.91304347826087,2015-Q4
Ohio,19000,19000,2400,12.631578947368421,200,140,0.7368421052631579,2015-Q4
Oklahoma,5000,10000,650,6.5,290,60,1.2,2015-Q4
Oregon,100000,114000,8500,7.456140350877193,200,1400,1.4000000000000001,2015-Q4
Pennsylvania,22000,23000,2500,10.869565217391305,1300,6500,29.545454545454547,2015-Q4
South Carolina,10000,17500,2200,12.571428571428573,640,1000,10.0,2015-Q4
South Dakota,194000,205000,9000,4.390243902439024,2400,0,0.0,2015-Q4
Tennessee,8500,10000,1100,11.0,70,420,4.941176470588235,2015-Q4
Texas,125000,250000,25000,10.0,13000,2000,1.6,2015-Q4
Utah,28000,28000,1900,6.785714285714286,120,100,0.35714285714285715,2015-Q4
Vermont,6500,6500,940,14.461538461538462,10,10,0.15384615384615385,2015-Q4
Virginia,7500,7500,750,10.0,0,350,4.666666666666667,2015-Q4
Washington,87000,89000,6500,7.303370786516854,330,170,0.1954022988505747,2015-Q4
West Virginia,7000,7000,610,8.714285714285715,190,140,2.0,2015-Q4
Wisconsin,48000,48000,6500,13.541666666666666,210,10,0.020833333333333336,2015-Q4
Wyoming,24000,25000,1300,5.2,30,0,0.0,2015-Q4
Other,11360,12560,1630,12.977707006369426,100,50,0.44014084507042256,2015-Q4
United States,2874760,3717460,412380,11.093058163369612,117150,158790,5.523591534597671,2015-Q4
Alabama,7500,7500,1700,22.666666666666664,2100,90,1.2,2016-Q1
Arizona,30000,30000,4700,15.666666666666668,3500,150,0.5,2016-Q1
Arkansas,27000,27000,5000,18.51851851851852,5000,1100,4.074074074074074,2016-Q1
California,1130000,1410000,200000,14.184397163120568,210000,139000,12.300884955752213,2016-Q1
Colorado,5000,8500,750,8.823529411764707,1700,10,0.2,2016-Q1
Connecticut,2700,2700,270,10.0,70,10,0.3703703703703704,2016-Q1
Florida,275000,295000,40000,13.559322033898304,49000,15500,5.636363636363637,2016-Q1
Georgia,100000,100000,15500,15.5,36000,3200,3.2,2016-Q1
Hawaii,15000,15000,280,1.866666666666667,570,530,3.5333333333333337,2016-Q1
Idaho,91000,98000,8500,8.673469387755102,5500,3300,3.626373626373627,2016-Q1
Illinois,8500,9500,1400,14.736842105263156,860,40,0.4705882352941176,2016-Q1
Indiana,6500,6500,770,11.846153846153847,30,0,0.0,2016-Q1
Iowa,13000,13000,2900,22.30769230769231,90,0,0.0,2016-Q1
Kansas,5000,5000,1100,22.0,1400,100,2.0,2016-Q1
Kentucky,6500,6500,1300,20.0,390,40,0.6153846153846154,2016-Q1
Louisiana,54000,55000,11000,20.0,9500,2600,4.814814814814815,2016-Q1
Maine,2200,3700,170,4.594594594594595,0,0,0.0,2016-Q1
Maryland,7500,7500,820,10.933333333333334,1200,10,0.13333333333333333,2016-Q1
Massachusetts,3000,3000,370,12.333333333333334,1200,140,4.666666666666667,2016-Q1
Michigan,25000,42000,5000,11.904761904761903,2300,80,0.32,2016-Q1
Minnesota,36000,38000,5500,14.473684210526317,6000,0,0.0,2016-Q1
Mississippi,21000,50000,7500,15.0,48000,25000,119.04761904761905,2016-Q1
Missouri,10000,10000,1300,13.0,5500,420,4.2,2016-Q1
Montana,16500,65000,900,1.3846153846153846,24000,0,0.0,2016-Q1
Nebraska,11000,20000,720,3.5999999999999996,510,0,0.0,2016-Q1
New Jersey,6000,6000,1000,16.666666666666664,80,20,0.33333333333333337,2016-Q1
New Mexico,6000,6500,1700,26.153846153846157,1400,30,0.5,2016-Q1
New York,31000,33000,4200,12.727272727272727,970,600,1.935483870967742,2016-Q1
North Carolina,18500,24000,2600,10.833333333333334,1100,230,1.2432432432432432,2016-Q1
North Dakota,89000,137000,8500,6.204379562043796,4600,0,0.0,2016-Q1
Ohio,16500,16500,2900,17.575757575757574,760,50,0.30303030303030304,2016-Q1
Oklahoma,13500,13500,3300,24.444444444444443,4800,570,4.222222222222222,2016-Q1
Oregon,68000,92000,2900,3.152173913043478,3800,1300,1.911764705882353,2016-Q1
Pennsylvania,12500,12500,2900,23.200000000000003,480,170,1.3599999999999999,2016-Q1
South Carolina,16500,16500,3500,21.21212121212121,3200,380,2.3030303030303028,2016-Q1
South Dakota,47000,79000,10500,13.291139240506327,1600,0,0.0,2016-Q1
Tennessee,9000,9000,1700,18.88888888888889,180,70,0.7777777777777778,2016-Q1
Texas,240000,320000,30000,9.375,126000,49000,20.416666666666668,2016-Q1
Utah,12000,14500,1900,13.10344827586207,1400,50,0.4166666666666667,2016-Q1
Vermont,5500,5500,410,7.454545454545454,0,0,0.0,2016-Q1
Virginia,6500,6500,1100,16.923076923076923,560,70,1.0769230769230769,2016-Q1
Washington,77000,146000,13500,9.246575342465754,5500,1200,1.5584415584415585,2016-Q1
West Virginia,6500,8000,1700,21.25,0,0,0.0,2016-Q1
Wisconsin,20000,21000,3100,14.761904761904763,530,0,0.0,2016-Q1
Wyoming,2700,6500,340,5.230769230769231,440,0,0.0,2016-Q1
Other,7340,7940,900,11.335012594458437,60,0,0.0,2016-Q1
United States,2619940,3309840,416100,12.57160466971213,571880,245060,9.35364932021344,2016-Q1
Alabama,8000,8000,930,11.625,1200,690,8.625,2016-Q2
Arizona,22000,23000,3700,16.08695652173913,14000,1600,7.2727272727272725,2016-Q2
Arkansas,24000,24000,3400,14.166666666666666,12000,1600,6.666666666666667,2016-Q2
California,1110000,1150000,108000,9.391304347826086,240000,185000,16.666666666666664,2016-Q2
Colorado,9500,29000,1800,6.206896551724138,9000,680,7.157894736842104,2016-Q2
Connecticut,2500,2500,100,4.0,390,60,2.4,2016-Q2
Florida,240000,240000,29000,12.083333333333334,43000,21000,8.75,2016-Q2
Georgia,108000,111000,11000,9.90990990990991,17500,3600,3.3333333333333335,2016-Q2
Hawaii,13500,13500,830,6.148148148148149,870,0,0.0,2016-Q2
Idaho,60000,80000,6000,7.5,19000,5500,9.166666666666666,2016-Q2
Illinois,9000,9000,740,8.222222222222223,2200,380,4.222222222222222,2016-Q2
Indiana,4300,7000,220,3.1428571428571432,2700,900,20.930232558139537,2016-Q2
Iowa,10500,26000,2400,9.230769230769232,26000,760,7.238095238095238,2016-Q2
Kansas,4700,6000,960,16.0,3000,900,19.148936170212767,2016-Q2
Kentucky,5500,6000,450,7.5,2100,270,4.909090909090909,2016-Q2
Louisiana,52000,53000,4300,8.11320754716981,10000,9500,18.269230769230766,2016-Q2
Maine,3600,25000,4200,16.8,510,560,15.555555555555555,2016-Q2
Maryland,8000,9000,320,3.5555555555555554,2800,400,5.0,2016-Q2
Massachusetts,4200,8500,300,3.5294117647058822,1100,440,10.476190476190476,2016-Q2
Michigan,40000,103000,7500,7.281553398058252,13500,3200,8.0,2016-Q2
Minnesota,27000,126000,13000,10.317460317460316,24000,4200,15.555555555555555,2016-Q2
Mississippi,85000,90000,3700,4.111111111111112,9000,61000,71.76470588235294,2016-Q2
Missouri,12000,12500,770,6.16,1800,730,6.083333333333334,2016-Q2
Montana,62000,157000,7000,4.45859872611465,25000,13500,21.774193548387096,2016-Q2
Nebraska,19500,43000,6000,13.953488372093023,8000,28000,143.5897435897436,2016-Q2
New Jersey,4200,18000,1500,8.333333333333332,1900,110,2.619047619047619,2016-Q2
New Mexico,6500,6500,1400,21.53846153846154,2700,100,1.5384615384615385,2016-Q2
New York,31000,46000,4000,8.695652173913043,13500,1500,4.838709677419355,2016-Q2
North Carolina,23000,24000,1600,6.666666666666667,10000,550,2.391304347826087,2016-Q2
North Dakota,110000,530000,27000,5.09433962264151,23000,95000,86.36363636363636,2016-Q2
Ohio,14000,16500,1700,10.303030303030303,6000,1100,7.857142857142857,2016-Q2
Oklahoma,12000,13000,310,2.3846153846153846,4000,10000,83.33333333333334,2016-Q2
Oregon,77000,132000,4300,3.257575757575758,19000,16000,20.77922077922078,2016-Q2
Pennsylvania,11000,14000,1300,9.285714285714286,6500,1100,10.0,2016-Q2
South Carolina,12500,13500,1300,9.62962962962963,2200,410,3.2800000000000002,2016-Q2
South Dakota,51000,182000,11000,6.043956043956044,15000,13000,25.49019607843137,2016-Q2
Tennessee,8000,8000,580,7.249999999999999,3900,200,2.5,2016-Q2
Texas,340000,350000,36000,10.285714285714285,74000,54000,15.88235294117647,2016-Q2
Utah,14500,25000,4800,19.2,12000,7000,48.275862068965516,2016-Q2
Vermont,5000,6500,20,0.3076923076923077,480,30,0.6,2016-Q2
Virginia,6000,6500,230,3.5384615384615383,2200,480,8.0,2016-Q2
Washington,91000,143000,6000,4.195804195804196,21000,11500,12.637362637362637,2016-Q2
West Virginia,7000,7000,990,14.142857142857142,2600,160,2.2857142857142856,2016-Q2
Wisconsin,18500,78000,5500,7.051282051282051,17500,3600,19.45945945945946,2016-Q2
Wyoming,6500,27000,2600,9.62962962962963,7500,580,8.923076923076923,2016-Q2
Other,7970,15530,1070,6.889890534449453,3270,270,3.3877038895859477,2016-Q2
United States,2801470,4024030,329820,8.196260962269168,736920,561160,20.030912342448786,2016-Q2
Alabama,8000,8000,1200,15.0,440,50,0.625,2016-Q3
Arizona,30000,32000,6000,18.75,3200,2600,8.666666666666668,2016-Q3
Arkansas,32000,32000,1500,4.6875,270,60,0.1875,2016-Q3
California,740000,820000,82000,10.0,33000,78000,10.54054054054054,2016-Q3
Colorado,33000,37000,6500,17.56756756756757,1100,740,2.242424242424242,2016-Q3
Connecticut,3100,3100,270,8.709677419354838,890,180,5.806451612903226,2016-Q3
Florida,200000,220000,25000,11.363636363636363,62000,14500,7.249999999999999,2016-Q3
Georgia,102000,103000,13000,12.62135922330097,12500,2300,2.2549019607843137,2016-Q3
Hawaii,13500,13500,600,4.444444444444445,430,820,6.074074074074074,2016-Q3
Idaho,79000,131000,13000,9.923664122137405,1900,2800,3.5443037974683547,2016-Q3
Illinois,11000,11000,1300,11.818181818181818,850,310,2.8181818181818183,2016-Q3
Indiana,9500,9500,600,6.315789473684211,450,550,5.7894736842105265,2016-Q3
Iowa,50000,50000,5500,11.0,10500,2400,4.8,2016-Q3
Kansas,8000,8000,2600,32.5,310,190,2.375,2016-Q3
Kentucky,7500,7500,1000,13.333333333333334,900,230,3.0666666666666664,2016-Q3
Louisiana,51000,60000,7000,11.666666666666666,2600,2100,4.117647058823529,2016-Q3
Maine,5500,5500,420,7.636363636363637,240,140,2.5454545454545454,2016-Q3
Maryland,7000,7000,200,2.857142857142857,400,20,0.2857142857142857,2016-Q3
Massachusetts,9500,9500,530,5.578947368421053,450,40,0.42105263157894735,2016-Q3
Michigan,108000,108000,15000,13.88888888888889,11000,9500,8.796296296296296,2016-Q3
Minnesota,132000,138000,26000,18.84057971014493,1300,1900,1.4393939393939394,2016-Q3
Mississippi,19000,20000,3300,16.5,750,740,3.8947368421052633,2016-Q3
Missouri,13500,13500,650,4.814814814814815,480,170,1.2592592592592593,2016-Q3
Montana,147000,158000,11500,7.2784810126582276,4100,6500,4.421768707482993,2016-Q3
Nebraska,45000,47000,8500,18.085106382978726,390,27000,60.0,2016-Q3
New Jersey,18000,18000,270,1.5,120,80,0.4444444444444444,2016-Q3
New Mexico,6500,6500,1100,16.923076923076923,2000,1000,15.384615384615385,2016-Q3
New York,56000,56000,10000,17.857142857142858,1900,800,1.4285714285714286,2016-Q3
North Carolina,25000,25000,1400,5.6000000000000005,1400,1200,4.8,2016-Q3
North Dakota,510000,550000,71000,12.909090909090908,25000,104000,20.392156862745097,2016-Q3
Ohio,21000,21000,1600,7.6190476190476195,980,630,3.0,2016-Q3
Oklahoma,3700,3700,560,15.135135135135137,30,30,0.8108108108108109,2016-Q3
Oregon,107000,112000,7500,6.696428571428571,2900,4300,4.018691588785047,2016-Q3
Pennsylvania,19000,22000,1300,5.909090909090909,680,780,4.105263157894737,2016-Q3
South Carolina,13000,13500,920,6.814814814814815,990,50,0.38461538461538464,2016-Q3
South Dakota,178000,191000,25000,13.089005235602095,4200,9500,5.337078651685393,2016-Q3
Tennessee,10000,10000,950,9.5,340,290,2.9000000000000004,2016-Q3
Texas,129000,143000,12000,8.391608391608392,12500,810,0.627906976744186,2016-Q3
Utah,27000,33000,3200,9.696969696969697,1200,120,0.4444444444444444,2016-Q3
Vermont,6500,6500,400,6.153846153846154,170,50,0.7692307692307693,2016-Q3
Virginia,8000,8000,810,10.125,460,360,4.5,2016-Q3
Washington,57000,74000,5000,6.756756756756757,7500,2000,3.508771929824561,2016-Q3
West Virginia,7500,7500,190,2.533333333333333,130,220,2.933333333333333,2016-Q3
Wisconsin,71000,75000,12000,16.0,880,640,0.9014084507042254,2016-Q3
Wyoming,32000,40000,7000,17.5,1800,1000,3.125,2016-Q3
Other,11880,11890,1920,16.14802354920101,1690,430,3.61952861952862,2016-Q3
United States,3181180,3479690,397290,11.417396377263492,217320,282130,8.868721669317676,2016-Q3
Alabama,7000,7000,610,8.714285714285715,50,10,0.14285714285714285,2016-Q4
Arizona,29000,31000,6500,20.967741935483872,4600,3100,10.689655172413794,2016-Q4
Arkansas,28000,28000,2500,8.928571428571429,20,10,0.03571428571428571,2016-Q4
California,770000,1330000,205000,15.413533834586465,40000,35000,4.545454545454546,2016-Q4
Colorado,30000,30000,4500,15.0,2500,0,0.0,2016-Q4
Connecticut,3100,3100,240,7.741935483870968,0,0,0.0,2016-Q4
Florida,255000,300000,41000,13.666666666666666,31000,11500,4.509803921568627,2016-Q4
Georgia,96000,112000,11000,9.821428571428571,12000,450,0.46875,2016-Q4
Hawaii,13500,13500,970,7.185185185185185,60,840,6.222222222222222,2016-Q4
Idaho,121000,143000,15500,10.839160839160838,5000,420,0.34710743801652894,2016-Q4
Illinois,9000,9000,720,8.0,0,0,0.0,2016-Q4
Indiana,7500,7500,1200,16.0,20,0,0.0,2016-Q4
Iowa,54000,54000,4700,8.703703703703704,0,20,0.037037037037037035,2016-Q4
Kansas,5000,5000,1300,26.0,200,0,0.0,2016-Q4
Kentucky,7500,7500,950,12.666666666666668,60,80,1.0666666666666667,2016-Q4
Louisiana,48000,57000,2000,3.508771929824561,250,340,0.7083333333333333,2016-Q4
Maine,3500,3500,280,8.0,0,0,0.0,2016-Q4
Maryland,7500,9500,500,5.263157894736842,20,30,0.4,2016-Q4
Massachusetts,8000,8000,740,9.25,0,0,0.0,2016-Q4
Michigan,101000,101000,12500,12.376237623762377,10,130,0.12871287128712872,2016-Q4
Minnesota,113000,114000,13500,11.842105263157894,0,0,0.0,2016-Q4
Mississippi,17500,30000,2400,8.0,330,60,0.34285714285714286,2016-Q4
Missouri,9000,9000,590,6.555555555555556,1400,640,7.111111111111111,2016-Q4
Montana,124000,124000,16000,12.903225806451612,2700,0,0.0,2016-Q4
Nebraska,37000,37000,4300,11.621621621621623,190,0,0.0,2016-Q4
New Jersey,12000,12000,340,2.833333333333333,400,0,0.0,2016-Q4
New Mexico,7000,7000,1600,22.857142857142858,1100,20,0.2857142857142857,2016-Q4
New York,48000,49000,9000,18.367346938775512,240,130,0.27083333333333337,2016-Q4
North Carolina,25000,25000,5500,22.0,220,50,0.2,2016-Q4
North Dakota,385000,390000,44000,11.282051282051283,13500,2500,0.6493506493506493,2016-Q4
Ohio,19500,19500,2100,10.76923076923077,20,140,0.717948717948718,2016-Q4
Oklahoma,3100,44000,2700,6.136363636363637,120,30,0.967741935483871,2016-Q4
Oregon,98000,124000,9500,7.661290322580645,1500,1000,1.0204081632653061,2016-Q4
Pennsylvania,21000,21000,3100,14.761904761904763,120,180,0.8571428571428572,2016-Q4
South Carolina,12000,17000,1300,7.647058823529412,760,370,3.0833333333333335,2016-Q4
South Dakota,146000,146000,11000,7.534246575342466,0,2400,1.643835616438356,2016-Q4
Tennessee,9000,9000,840,9.333333333333334,120,10,0.1111111111111111,2016-Q4
Texas,136000,310000,39000,12.580645161290322,2200,650,0.47794117647058826,2016-Q4
Utah,30000,30000,1600,5.333333333333334,440,50,0.16666666666666669,2016-Q4
Vermont,6500,6500,260,4.0,20,10,0.15384615384615385,2016-Q4
Virginia,7000,7000,730,10.428571428571429,230,10,0.14285714285714285,2016-Q4
Washington,65000,97000,9000,9.278350515463918,3100,130,0.2,2016-Q4
West Virginia,7500,7500,1000,13.333333333333334,80,60,0.8,2016-Q4
Wisconsin,59000,59000,7500,12.711864406779661,10,20,0.03389830508474576,2016-Q4
Wyoming,25000,27000,2200,8.148148148148149,50,0,0.0,2016-Q4
Other,6360,6460,580,8.978328173374612,20,0,0.0,2016-Q4
United States,3032060,3987560,502350,12.597929560934507,124660,60390,1.9917152035249963,2016-Q4
Alabama,7000,7000,1600,22.857142857142858,570,740,10.571428571428571,2017-Q1
Arizona,31000,32000,6000,18.75,2900,0,0.0,2017-Q1
Arkansas,18000,20000,3500,17.5,430,230,1.277777777777778,2017-Q1
California,1170000,1470000,195000,13.26530612244898,137000,93000,7.948717948717948,2017-Q1
Colorado,9500,21000,1100,5.238095238095238,100,0,0.0,2017-Q1
Connecticut,3100,3100,380,12.258064516129032,100,110,3.5483870967741935,2017-Q1
Florida,260000,265000,30000,11.320754716981133,78000,34000,13.076923076923078,2017-Q1
Georgia,123000,125000,14000,11.200000000000001,25000,21000,17.073170731707318,2017-Q1
Hawaii,13000,13000,190,1.4615384615384615,510,50,0.38461538461538464,2017-Q1
Idaho,95000,99000,8500,8.585858585858585,2000,280,0.2947368421052632,2017-Q1
Illinois,11000,11000,2900,26.36363636363636,3100,150,1.3636363636363635,2017-Q1
Indiana,7000,7500,1900,25.333333333333336,1700,70,1.0,2017-Q1
Iowa,10000,15500,3000,19.35483870967742,70,0,0.0,2017-Q1
Kansas,3800,3800,1000,26.31578947368421,930,380,10.0,2017-Q1
Kentucky,6500,7000,1300,18.571428571428573,950,430,6.615384615384616,2017-Q1
Louisiana,44000,47000,2700,5.74468085106383,11000,1900,4.318181818181818,2017-Q1
Maine,2700,3100,1000,32.25806451612903,100,0,0.0,2017-Q1
Maryland,9000,9000,2100,23.333333333333332,770,260,2.888888888888889,2017-Q1
Massachusetts,3300,3300,1500,45.45454545454545,120,110,3.3333333333333335,2017-Q1
Michigan,29000,59000,5000,8.47457627118644,600,130,0.44827586206896547,2017-Q1
Minnesota,27000,41000,3500,8.536585365853659,3300,0,0.0,2017-Q1
Mississippi,31000,68000,2600,3.823529411764706,23000,7000,22.58064516129032,2017-Q1
Missouri,7000,7500,1200,16.0,400,10,0.14285714285714285,2017-Q1
Montana,18500,46000,470,1.0217391304347825,3100,6000,32.432432432432435,2017-Q1
Nebraska,7500,13000,750,5.769230769230769,120,0,0.0,2017-Q1
New Jersey,6000,6000,490,8.166666666666666,10,0,0.0,2017-Q1
New Mexico,5500,5500,2100,38.18181818181819,3600,0,0.0,2017-Q1
New York,32000,33000,6000,18.181818181818183,520,0,0.0,2017-Q1
North Carolina,16000,23000,2500,10.869565217391305,3700,1200,7.5,2017-Q1
North Dakota,50000,123000,640,0.5203252032520325,1100,10,0.02,2017-Q1
Ohio,15500,17500,4400,25.142857142857146,1300,530,3.4193548387096775,2017-Q1
Oklahoma,26000,26000,550,2.1153846153846154,9500,1700,6.538461538461539,2017-Q1
Oregon,71000,90000,8000,8.88888888888889,7500,1400,1.971830985915493,2017-Q1
Pennsylvania,17000,18000,4000,22.22222222222222,810,390,2.2941176470588234,2017-Q1
South Carolina,17000,17500,1600,9.142857142857142,4700,970,5.705882352941177,2017-Q1
South Dakota,21000,48000,2700,5.625,1500,440,2.0952380952380953,2017-Q1
Tennessee,8500,8500,1600,18.823529411764707,1500,160,1.8823529411764703,2017-Q1
Texas,275000,340000,49000,14.411764705882351,130000,68000,24.727272727272727,2017-Q1
Utah,16000,19000,2700,14.210526315789473,3900,60,0.375,2017-Q1
Vermont,6500,6500,440,6.769230769230769,0,0,0.0,2017-Q1
Virginia,8000,8000,1400,17.5,1900,280,3.5000000000000004,2017-Q1
Washington,68000,104000,9000,8.653846153846153,8500,0,0.0,2017-Q1
West Virginia,5500,8000,800,10.0,450,100,1.8181818181818181,2017-Q1
Wisconsin,17000,22000,4400,20.0,450,70,0.411764705882353,2017-Q1
Wyoming,6500,17000,3600,21.176470588235293,1300,0,0.0,2017-Q1
Other,6190,6490,1540,23.728813559322035,130,50,0.8077544426494345,2017-Q1
United States,2641090,3343790,398650,11.922100371135746,478240,241210,9.132971613992707,2017-Q1
Alabama,6500,6500,440,6.769230769230769,1200,500,7.6923076923076925,2017-Q2
Arizona,22000,22000,2600,11.818181818181818,12500,3000,13.636363636363635,2017-Q2
Arkansas,17000,24000,1900,7.916666666666666,6000,1300,7.647058823529412,2017-Q2
California,980000,990000,90000,9.090909090909092,160000,220000,22.448979591836736,2017-Q2
Colorado,16500,31000,4500,14.516129032258066,8000,7500,45.45454545454545,2017-Q2
Connecticut,3000,3000,140,4.666666666666667,2200,350,11.666666666666666,2017-Q2
Florida,245000,255000,35000,13.725490196078432,40000,50000,20.408163265306122,2017-Q2
Georgia,130000,137000,12500,9.124087591240876,21000,31000,23.846153846153847,2017-Q2
Hawaii,12000,12000,70,0.5833333333333334,3000,920,7.666666666666666,2017-Q2
Idaho,61000,78000,10500,13.461538461538462,22000,31000,50.81967213114754,2017-Q2
Illinois,11500,12000,1200,10.0,3600,1600,13.91304347826087,2017-Q2
Indiana,7500,11000,1200,10.909090909090908,3000,510,6.800000000000001,2017-Q2
Iowa,12000,23000,2400,10.434782608695652,23000,3900,32.5,2017-Q2
Kansas,3800,6000,390,6.5,2500,870,22.894736842105264,2017-Q2
Kentucky,7000,7500,900,12.0,3100,590,8.428571428571429,2017-Q2
Louisiana,56000,62000,2600,4.193548387096775,4100,8000,14.285714285714285,2017-Q2
Maine,2200,33000,910,2.757575757575758,1100,1400,63.63636363636363,2017-Q2
Maryland,8000,9500,190,2.0,3400,930,11.625,2017-Q2
Massachusetts,2500,8000,140,1.7500000000000002,1400,490,19.6,2017-Q2
Michigan,55000,100000,7500,7.5,20000,13500,24.545454545454547,2017-Q2
Minnesota,32000,128000,12000,9.375,19000,8500,26.5625,2017-Q2
Mississippi,89000,89000,3800,4.269662921348314,5500,26000,29.213483146067414,2017-Q2
Missouri,6500,7000,270,3.8571428571428568,1800,1000,15.384615384615385,2017-Q2
Montana,47000,135000,3700,2.740740740740741,18000,18000,38.297872340425535,2017-Q2
Nebraska,7500,43000,1500,3.488372093023256,7000,27000,360.0,2017-Q2
New Jersey,5500,21000,430,2.047619047619048,1900,660,12.0,2017-Q2
New Mexico,7000,7500,1800,24.0,3300,3900,55.714285714285715,2017-Q2
New York,25000,43000,1300,3.0232558139534884,16500,7500,30.0,2017-Q2
North Carolina,24000,25000,3000,12.0,5000,2700,11.25,2017-Q2
North Dakota,115000,450000,16000,3.5555555555555554,31000,41000,35.65217391304348,2017-Q2
Ohio,13500,15000,1100,7.333333333333333,7000,2500,18.51851851851852,2017-Q2
Oklahoma,17000,17000,200,1.1764705882352942,4700,1200,7.0588235294117645,2017-Q2
Oregon,71000,92000,5000,5.434782608695652,15500,22000,30.985915492957744,2017-Q2
Pennsylvania,15500,17500,540,3.085714285714286,7500,2300,14.838709677419354,2017-Q2
South Carolina,20000,20000,870,4.35,3000,3700,18.5,2017-Q2
South Dakota,30000,168000,13000,7.738095238095238,10000,23000,76.66666666666667,2017-Q2
Tennessee,8500,9000,1300,14.444444444444443,2600,1500,17.647058823529413,2017-Q2
Texas,345000,350000,28000,8.0,43000,148000,42.89855072463768,2017-Q2
Utah,21000,31000,2700,8.709677419354838,12500,10000,47.61904761904761,2017-Q2
Vermont,6000,8000,170,2.125,390,190,3.166666666666667,2017-Q2
Virginia,8500,9500,1000,10.526315789473683,3100,1100,12.941176470588237,2017-Q2
Washington,75000,111000,7000,6.306306306306306,30000,20000,26.666666666666668,2017-Q2
West Virginia,7500,7500,370,4.933333333333334,4100,2500,33.33333333333333,2017-Q2
Wisconsin,18000,65000,4000,6.153846153846154,13000,6500,36.11111111111111,2017-Q2
Wyoming,15000,30000,1300,4.333333333333334,6000,3500,23.333333333333332,2017-Q2
Other,5650,7160,160,2.2346368715083798,870,940,16.63716814159292,2017-Q2
United States,2694150,3736660,285590,7.642921753651658,613360,762550,28.30391774771264,2017-Q2
Alabama,7000,9500,900,9.473684210526317,690,530,7.571428571428572,2017-Q3
Arizona,26000,26000,4100,15.769230769230768,5000,3200,12.307692307692308,2017-Q3
Arkansas,29000,29000,6000,20.689655172413794,4400,410,1.4137931034482758,2017-Q3
California,590000,670000,67000,10.0,73000,74000,12.54237288135593,2017-Q3
Colorado,35000,42000,4300,10.238095238095237,2900,6410,18.314285714285713,2017-Q3
Connecticut,3500,3500,130,3.7142857142857144,50,20,0.5714285714285714,2017-Q3
Florida,176000,180000,39000,21.666666666666668,39000,42000,23.863636363636363,2017-Q3
Georgia,121000,122000,15500,12.704918032786885,19000,23000,19.00826446280992,2017-Q3
Hawaii,15000,15000,1100,7.333333333333333,430,20,0.13333333333333333,2017-Q3
Idaho,89000,116000,12000,10.344827586206897,9000,16500,18.53932584269663,2017-Q3
Illinois,13000,13000,1100,8.461538461538462,710,1200,9.230769230769232,2017-Q3
Indiana,13000,13000,930,7.153846153846153,420,740,5.6923076923076925,2017-Q3
Iowa,40000,43000,2200,5.116279069767442,2100,4000,10.0,2017-Q3
Kansas,7000,7000,1700,24.285714285714285,1400,1000,14.285714285714285,2017-Q3
Kentucky,9000,9000,1600,17.77777777777778,450,700,7.777777777777778,2017-Q3
Louisiana,64000,64000,13500,21.09375,14500,34000,53.125,2017-Q3
Maine,5500,6000,400,6.666666666666667,210,290,5.2727272727272725,2017-Q3
Maryland,8500,8500,1600,18.823529411764707,1300,600,7.0588235294117645,2017-Q3
Massachusetts,9000,9000,760,8.444444444444445,790,460,5.111111111111112,2017-Q3
Michigan,103000,109000,17500,16.055045871559635,4300,11500,11.165048543689322,2017-Q3
Minnesota,136000,136000,20000,14.705882352941178,1900,2200,1.6176470588235297,2017-Q3
Mississippi,24000,24000,2900,12.083333333333334,250,230,0.9583333333333333,2017-Q3
Missouri,9000,9000,580,6.444444444444445,320,310,3.4444444444444446,2017-Q3
Montana,154000,161000,18500,11.490683229813664,3100,23000,14.935064935064934,2017-Q3
Nebraska,46000,47000,3700,7.872340425531915,880,13500,29.347826086956523,2017-Q3
New Jersey,16000,16000,420,2.625,280,110,0.6875,2017-Q3
New Mexico,8500,8500,2500,29.411764705882355,1800,200,2.3529411764705883,2017-Q3
New York,59000,59000,6500,11.016949152542372,3100,9000,15.254237288135593,2017-Q3
North Carolina,26000,27000,3300,12.222222222222221,4100,2900,11.153846153846155,2017-Q3
North Dakota,470000,490000,48000,9.795918367346939,24000,100000,21.27659574468085,2017-Q3
Ohio,23000,23000,1800,7.82608695652174,1100,1800,7.82608695652174,2017-Q3
Oklahoma,4400,4400,510,11.59090909090909,80,270,6.136363636363637,2017-Q3
Oregon,94000,101000,13500,13.366336633663368,7500,28000,29.78723404255319,2017-Q3
Pennsylvania,18500,18500,1500,8.108108108108109,6000,1600,8.64864864864865,2017-Q3
South Carolina,14500,14500,1700,11.724137931034482,640,440,3.0344827586206895,2017-Q3
South Dakota,152000,159000,16500,10.377358490566039,6000,7500,4.934210526315789,2017-Q3
Tennessee,10000,10000,1700,17.0,800,960,9.6,2017-Q3
Texas,104000,115000,15000,13.043478260869565,21000,7500,7.211538461538461,2017-Q3
Utah,35000,35000,6500,18.571428571428573,5500,3200,9.142857142857142,2017-Q3
Vermont,7500,7500,180,2.4,520,270,3.5999999999999996,2017-Q3
Virginia,11500,11500,1200,10.434782608695652,430,430,3.739130434782609,2017-Q3
Washington,82000,92000,17000,18.478260869565215,5500,10500,12.804878048780488,2017-Q3
West Virginia,9000,9000,930,10.333333333333334,440,1900,21.11111111111111,2017-Q3
Wisconsin,74000,75000,12500,16.666666666666664,6000,9000,12.162162162162163,2017-Q3
Wyoming,35000,36000,5500,15.277777777777779,3100,3500,10.0,2017-Q3
Other,8100,10000,1070,10.7,380,650,8.024691358024691,2017-Q3
United States,2994500,3193400,394810,12.363311830650717,284370,449550,15.012522958757724,2017-Q3
Alabama,7500,7500,990,13.200000000000001,550,500,6.666666666666667,2017-Q4
Arizona,27000,30000,6500,21.666666666666668,1300,1100,4.074074074074074,2017-Q4
Arkansas,25000,25000,7500,30.0,2500,440,1.76,2017-Q4
California,680000,1200000,155000,12.916666666666668,90000,104000,15.294117647058824,2017-Q4
Colorado,34000,34000,7000,20.588235294117645,1500,4000,11.76470588235294,2017-Q4
Connecticut,4000,4000,330,8.25,190,110,2.75,2017-Q4
Florida,180000,240000,50000,20.833333333333336,55000,36000,20.0,2017-Q4
Georgia,125000,145000,21000,14.482758620689657,4300,2200,1.76,2017-Q4
Hawaii,15000,15000,130,0.8666666666666666,970,290,1.9333333333333333,2017-Q4
Idaho,113000,164000,9000,5.487804878048781,10000,5000,4.424778761061947,2017-Q4
Illinois,13500,13500,1800,13.333333333333334,140,460,3.4074074074074074,2017-Q4
Indiana,11500,11500,1700,14.782608695652174,320,100,0.8695652173913043,2017-Q4
Iowa,45000,45000,6500,14.444444444444443,250,3400,7.555555555555555,2017-Q4
Kansas,6500,6500,830,12.769230769230768,140,40,0.6153846153846154,2017-Q4
Kentucky,7500,7500,870,11.600000000000001,50,120,1.6,2017-Q4
Louisiana,58000,60000,2700,4.5,390,1900,3.2758620689655173,2017-Q4
Maine,5500,6000,60,1.0,220,110,2.0,2017-Q4
Maryland,8000,10500,1300,12.380952380952381,20,410,5.125,2017-Q4
Massachusetts,6000,6000,1100,18.333333333333332,120,550,9.166666666666666,2017-Q4
Michigan,88000,88000,11500,13.068181818181818,990,1900,2.159090909090909,2017-Q4
Minnesota,98000,98000,7000,7.142857142857142,1900,450,0.4591836734693878,2017-Q4
Mississippi,14000,22000,3400,15.454545454545453,280,830,5.928571428571429,2017-Q4
Missouri,9500,9500,820,8.631578947368421,100,230,2.4210526315789473,2017-Q4
Montana,115000,121000,13000,10.743801652892563,5500,2900,2.5217391304347827,2017-Q4
Nebraska,42000,42000,7500,17.857142857142858,80,50,0.11904761904761905,2017-Q4
New Jersey,15500,15500,1200,7.741935483870968,330,270,1.7419354838709675,2017-Q4
New Mexico,8000,8000,1900,23.75,1700,0,0.0,2017-Q4
New York,51000,51000,3900,7.647058823529412,820,460,0.9019607843137255,2017-Q4
North Carolina,23000,23000,5000,21.73913043478261,60,290,1.2608695652173914,2017-Q4
North Dakota,410000,410000,26000,6.341463414634147,10000,2900,0.7073170731707318,2017-Q4
Ohio,18500,18500,2800,15.135135135135137,510,960,5.189189189189189,2017-Q4
Oklahoma,3700,46000,100,0.21739130434782608,40,0,0.0,2017-Q4
Oregon,94000,94000,10000,10.638297872340425,70,18500,19.680851063829788,2017-Q4
Pennsylvania,24000,24000,5500,22.916666666666664,2500,1100,4.583333333333333,2017-Q4
South Carolina,12500,15000,2000,13.333333333333334,1300,750,6.0,2017-Q4
South Dakota,111000,111000,6500,5.8558558558558556,0,0,0.0,2017-Q4
Tennessee,8500,10500,1300,12.380952380952381,230,320,3.7647058823529407,2017-Q4
Texas,127000,285000,20000,7.017543859649122,3200,1900,1.4960629921259843,2017-Q4
Utah,29000,29000,2000,6.896551724137931,480,70,0.2413793103448276,2017-Q4
Vermont,6500,6500,470,7.230769230769231,10,10,0.15384615384615385,2017-Q4
Virginia,9500,9500,1100,11.578947368421053,300,210,2.2105263157894735,2017-Q4
Washington,66000,72000,4000,5.555555555555555,2900,14000,21.21212121212121,2017-Q4
West Virginia,8500,8500,1200,14.117647058823529,70,1600,18.823529411764707,2017-Q4
Wisconsin,51000,55000,8500,15.454545454545453,530,3000,5.88235294117647,2017-Q4
Wyoming,28000,29000,3500,12.068965517241379,2500,320,1.1428571428571428,2017-Q4
Other,6070,6970,360,5.164992826398852,150,240,3.9538714991762767,2017-Q4
United States,2849770,3739470,424860,11.361503100706786,204510,213990,7.509027044287785,2017-Q4
Alabama,7500,7500,820,10.933333333333334,1200,1500,20.0,2018-Q1
Arizona,25000,26000,6000,23.076923076923077,810,230,0.9199999999999999,2018-Q1
Arkansas,22000,22000,7500,34.090909090909086,540,810,3.681818181818182,2018-Q1
California,1150000,1540000,215000,13.96103896103896,205000,133000,11.565217391304348,2018-Q1
Colorado,13000,21000,4900,23.333333333333332,1400,190,1.4615384615384615,2018-Q1
Connecticut,2900,2900,140,4.827586206896552,220,330,11.379310344827587,2018-Q1
Florida,245000,255000,39000,15.294117647058824,57000,38000,15.510204081632653,2018-Q1
Georgia,134000,139000,25000,17.985611510791365,29000,39000,29.1044776119403,2018-Q1
Hawaii,17000,17000,1600,9.411764705882353,1200,5000,29.411764705882355,2018-Q1
Idaho,164000,168000,22000,13.095238095238097,2500,2600,1.5853658536585367,2018-Q1
Illinois,10500,10500,2400,22.857142857142858,1000,630,6.0,2018-Q1
Indiana,7000,8000,1000,12.5,300,30,0.4285714285714286,2018-Q1
Iowa,41000,44000,2100,4.772727272727273,270,110,0.2682926829268293,2018-Q1
Kansas,3700,3700,950,25.675675675675674,370,410,11.081081081081082,2018-Q1
Kentucky,5500,5500,1200,21.818181818181817,760,20,0.36363636363636365,2018-Q1
Louisiana,50000,52000,3600,6.923076923076923,4100,320,0.64,2018-Q1
Maine,1900,1900,410,21.578947368421055,20,30,1.5789473684210527,2018-Q1
Maryland,8000,8000,1600,20.0,400,190,2.375,2018-Q1
Massachusetts,3700,3700,1000,27.027027027027028,240,290,7.837837837837839,2018-Q1
Michigan,16500,37000,7000,18.91891891891892,4000,3900,23.636363636363637,2018-Q1
Minnesota,39000,62000,3900,6.290322580645161,8000,2900,7.435897435897436,2018-Q1
Mississippi,19000,32000,2000,6.25,28000,5500,28.947368421052634,2018-Q1
Missouri,8000,8000,1400,17.5,1400,50,0.625,2018-Q1
Montana,35000,60000,140,0.23333333333333336,840,0,0.0,2018-Q1
Nebraska,6500,14000,430,3.0714285714285716,0,0,0.0,2018-Q1
New Jersey,6500,6500,730,11.23076923076923,180,190,2.923076923076923,2018-Q1
New Mexico,7500,7500,3900,52.0,180,0,0.0,2018-Q1
New York,26000,26000,3700,14.23076923076923,400,170,0.6538461538461539,2018-Q1
North Carolina,18500,18500,4200,22.702702702702705,2400,260,1.4054054054054055,2018-Q1
North Dakota,66000,101000,3200,3.1683168316831685,2600,10,0.015151515151515152,2018-Q1
Ohio,12000,14000,4500,32.142857142857146,300,580,4.833333333333333,2018-Q1
Oklahoma,17000,18000,3700,20.555555555555554,890,240,1.411764705882353,2018-Q1
Oregon,81000,89000,4800,5.393258426966292,16500,3900,4.814814814814815,2018-Q1
Pennsylvania,14500,15000,3300,22.0,1200,670,4.620689655172414,2018-Q1
South Carolina,13500,14500,1800,12.413793103448276,1900,2800,20.74074074074074,2018-Q1
South Dakota,23000,29000,390,1.3448275862068966,250,90,0.391304347826087,2018-Q1
Tennessee,10000,10000,3400,34.0,540,470,4.7,2018-Q1
Texas,205000,290000,32000,11.03448275862069,124000,42000,20.48780487804878,2018-Q1
Utah,7500,17000,620,3.6470588235294117,490,50,0.6666666666666667,2018-Q1
Vermont,5500,5500,810,14.727272727272728,20,0,0.0,2018-Q1
Virginia,7000,7000,2100,30.0,540,160,2.2857142857142856,2018-Q1
Washington,44000,90000,4600,5.111111111111112,7000,870,1.977272727272727,2018-Q1
West Virginia,4700,8500,2500,29.411764705882355,330,60,1.276595744680851,2018-Q1
Wisconsin,21000,29000,4600,15.862068965517242,2800,1600,7.6190476190476195,2018-Q1
Wyoming,5500,9000,220,2.4444444444444446,70,0,0.0,2018-Q1
Other,3820,7020,1870,26.638176638176635,160,40,1.0471204188481675,2018-Q1
United States,2635220,3360720,438030,13.03381418267514,511320,289200,10.97441579830147,2018-Q1
Alabama,7000,8500,650,7.647058823529412,1700,710,10.142857142857142,2018-Q2
Arizona,19000,19500,2600,13.333333333333334,14000,2100,11.052631578947368,2018-Q2
Arkansas,14500,16000,2000,12.5,13000,1900,13.10344827586207,2018-Q2
California,1130000,1200000,110000,9.166666666666666,172000,255000,22.566371681415927,2018-Q2
Colorado,16500,27000,3000,11.11111111111111,12500,4700,28.484848484848484,2018-Q2
Connecticut,3600,3600,120,3.3333333333333335,340,170,4.722222222222222,2018-Q2
Florida,250000,275000,56000,20.363636363636363,49000,68000,27.200000000000003,2018-Q2
Georgia,131000,137000,18000,13.138686131386862,35000,16000,12.213740458015266,2018-Q2
Hawaii,16500,16500,380,2.3030303030303028,330,3100,18.787878787878785,2018-Q2
Idaho,59000,94000,6500,6.914893617021277,14500,29000,49.152542372881356,2018-Q2
Illinois,10000,10500,2300,21.904761904761905,5000,2900,28.999999999999996,2018-Q2
Indiana,8000,9500,1800,18.947368421052634,4000,730,9.125,2018-Q2
Iowa,45000,47000,4300,9.148936170212766,15500,4800,10.666666666666668,2018-Q2
Kansas,3900,3900,300,7.6923076923076925,3500,2100,53.84615384615385,2018-Q2
Kentucky,5500,6000,910,15.166666666666668,1500,560,10.181818181818182,2018-Q2
Louisiana,48000,48000,1400,2.9166666666666665,4900,4000,8.333333333333332,2018-Q2
Maine,2200,23000,3100,13.478260869565217,430,790,35.90909090909091,2018-Q2
Maryland,7000,8000,370,4.625,2400,1200,17.142857142857142,2018-Q2
Massachusetts,3500,8000,260,3.25,910,350,10.0,2018-Q2
Michigan,37000,70000,7500,10.714285714285714,23000,8500,22.972972972972975,2018-Q2
Minnesota,69000,116000,8500,7.327586206896551,42000,25000,36.231884057971016,2018-Q2
Mississippi,50000,50000,3400,6.800000000000001,4000,7000,14.000000000000002,2018-Q2
Missouri,7000,7000,390,5.571428571428571,2100,800,11.428571428571429,2018-Q2
Montana,50000,176000,5500,3.125,17000,22000,44.0,2018-Q2
Nebraska,10500,46000,2100,4.565217391304348,4000,900,8.571428571428571,2018-Q2
New Jersey,4400,15000,270,1.7999999999999998,1300,170,3.8636363636363633,2018-Q2
New Mexico,1900,4300,50,1.1627906976744187,1700,450,23.684210526315788,2018-Q2
New York,20000,42000,2700,6.428571428571428,11000,2400,12.0,2018-Q2
North Carolina,16000,17500,2500,14.285714285714285,4100,800,5.0,2018-Q2
North Dakota,74000,460000,23000,5.0,23000,64000,86.48648648648648,2018-Q2
Ohio,11000,13000,1500,11.538461538461538,9000,2100,19.090909090909093,2018-Q2
Oklahoma,15500,15500,1700,10.967741935483872,10500,6500,41.935483870967744,2018-Q2
Oregon,41000,107000,3400,3.177570093457944,17500,24000,58.536585365853654,2018-Q2
Pennsylvania,15500,19500,1100,5.641025641025641,6000,1600,10.32258064516129,2018-Q2
South Carolina,14000,14000,1300,9.285714285714286,2600,4000,28.57142857142857,2018-Q2
South Dakota,10000,169000,17000,10.059171597633137,12500,65000,650.0,2018-Q2
Tennessee,8000,8000,1200,15.0,3800,1300,16.25,2018-Q2
Texas,305000,315000,38000,12.063492063492063,79000,71000,23.278688524590162,2018-Q2
Utah,14500,26000,1900,7.307692307692308,9500,4100,28.27586206896552,2018-Q2
Vermont,5500,6500,520,8.0,2600,140,2.5454545454545454,2018-Q2
Virginia,5000,6000,500,8.333333333333332,2600,700,14.000000000000002,2018-Q2
Washington,55000,122000,7500,6.147540983606557,15500,19000,34.54545454545455,2018-Q2
West Virginia,7000,7000,570,8.142857142857144,2300,550,7.857142857142857,2018-Q2
Wisconsin,26000,56000,6500,11.607142857142858,12000,7000,26.923076923076923,2018-Q2
Wyoming,8500,28000,2300,8.214285714285714,5500,2200,25.882352941176475,2018-Q2
Other,4380,8670,380,4.382929642445213,1750,1030,23.515981735159816,2018-Q2
United States,2665880,3885970,355270,9.142376292148422,676360,740350,27.771317538673905,2018-Q2
Alabama,8500,8500,1700,20.0,1600,1300,15.294117647058824,2018-Q3
Arizona,31000,31000,8000,25.806451612903224,3200,3100,10.0,2018-Q3
Arkansas,29000,29000,2300,7.931034482758621,2600,840,2.896551724137931,2018-Q3
California,590000,700000,73000,10.428571428571429,63000,141000,23.898305084745765,2018-Q3
Colorado,34000,35000,5000,14.285714285714285,1500,5000,14.705882352941178,2018-Q3
Connecticut,3200,3200,130,4.0625,80,310,9.6875,2018-Q3
Florida,197000,220000,30000,13.636363636363635,53000,40000,20.304568527918782,2018-Q3
Georgia,134000,138000,17000,12.318840579710146,27000,33000,24.62686567164179,2018-Q3
Hawaii,16500,16500,1800,10.909090909090908,1700,3000,18.181818181818183,2018-Q3
Idaho,82000,101000,14000,13.861386138613863,15000,21000,25.609756097560975,2018-Q3
Illinois,11000,11000,660,6.0,700,420,3.8181818181818183,2018-Q3
Indiana,11500,11500,990,8.608695652173912,520,1200,10.434782608695652,2018-Q3
Iowa,56000,57000,3600,6.315789473684211,1200,990,1.7678571428571428,2018-Q3
Kansas,6000,6000,950,15.833333333333332,300,180,3.0,2018-Q3
Kentucky,6500,7000,840,12.0,300,660,10.153846153846153,2018-Q3
Louisiana,53000,53000,1900,3.5849056603773586,1600,2300,4.339622641509433,2018-Q3
Maine,12500,12500,890,7.12,60,170,1.3599999999999999,2018-Q3
Maryland,7500,7500,360,4.8,580,680,9.066666666666666,2018-Q3
Massachusetts,8000,10000,2200,22.0,850,730,9.125,2018-Q3
Michigan,88000,88000,8000,9.090909090909092,3000,22000,25.0,2018-Q3
Minnesota,121000,127000,29000,22.83464566929134,1600,6500,5.371900826446281,2018-Q3
Mississippi,16500,16500,2900,17.575757575757574,110,650,3.939393939393939,2018-Q3
Missouri,10000,10000,540,5.4,260,410,4.1000000000000005,2018-Q3
Montana,145000,153000,18500,12.091503267973856,3100,22000,15.172413793103448,2018-Q3
Nebraska,52000,54000,6500,12.037037037037036,8500,5000,9.615384615384617,2018-Q3
New Jersey,14000,14000,320,2.2857142857142856,250,220,1.5714285714285716,2018-Q3
New Mexico,6000,7000,1200,17.142857142857142,3800,1000,16.666666666666664,2018-Q3
New York,55000,56000,3900,6.964285714285714,3600,3700,6.7272727272727275,2018-Q3
North Carolina,18000,18000,2200,12.222222222222221,2600,2000,11.11111111111111,2018-Q3
North Dakota,455000,490000,59000,12.040816326530612,23000,14500,3.1868131868131866,2018-Q3
Ohio,16000,16000,1300,8.125,1300,2100,13.125,2018-Q3
Oklahoma,2100,2100,370,17.61904761904762,20,10,0.4761904761904762,2018-Q3
Oregon,116000,117000,13000,11.11111111111111,3000,49000,42.241379310344826,2018-Q3
Pennsylvania,20000,21000,860,4.095238095238096,2900,2300,11.5,2018-Q3
South Carolina,9500,11500,1400,12.173913043478262,670,1100,11.578947368421053,2018-Q3
South Dakota,168000,197000,22000,11.16751269035533,8000,6500,3.869047619047619,2018-Q3
Tennessee,9000,9000,900,10.0,540,1000,11.11111111111111,2018-Q3
Texas,112000,124000,7500,6.048387096774194,7500,9500,8.482142857142858,2018-Q3
Utah,30000,30000,4400,14.666666666666666,970,1400,4.666666666666667,2018-Q3
Vermont,7000,7000,90,1.2857142857142856,1200,80,1.1428571428571428,2018-Q3
Virginia,7500,7500,610,8.133333333333333,1000,990,13.200000000000001,2018-Q3
Washington,76000,84000,12000,14.285714285714285,7000,3600,4.736842105263158,2018-Q3
West Virginia,7500,8000,520,6.5,170,1200,16.0,2018-Q3
Wisconsin,61000,69000,10000,14.492753623188406,2400,3800,6.229508196721312,2018-Q3
Wyoming,33000,34000,3900,11.470588235294118,1800,3900,11.818181818181818,2018-Q3
Other,6490,9990,890,8.90890890890891,480,440,6.779661016949152,2018-Q3
United States,2958790,3238290,377120,11.64565248943115,263560,420780,14.22135399943896,2018-Q3
Alabama,6500,6500,830,12.769230769230768,210,1300,20.0,2018-Q4
Arizona,26000,27000,5000,18.51851851851852,2200,330,1.2692307692307692,2018-Q4
Arkansas,30000,31000,6000,19.35483870967742,110,230,0.7666666666666666,2018-Q4
California,680000,1200000,170000,14.166666666666666,86000,46000,6.764705882352941,2018-Q4
Colorado,30000,30000,3500,11.666666666666666,370,10,0.03333333333333333,2018-Q4
Connecticut,3500,3500,220,6.2857142857142865,0,60,1.7142857142857144,2018-Q4
Florida,240000,290000,43000,14.827586206896552,53000,20000,8.333333333333332,2018-Q4
Georgia,148000,164000,19500,11.890243902439025,6500,49000,33.108108108108105,2018-Q4
Hawaii,16000,16000,940,5.875,1700,6000,37.5,2018-Q4
Idaho,99000,159000,15000,9.433962264150944,9000,910,0.9191919191919192,2018-Q4
Illinois,12000,12000,1400,11.666666666666666,600,350,2.9166666666666665,2018-Q4
Indiana,9000,9000,3300,36.666666666666664,40,1200,13.333333333333334,2018-Q4
Iowa,21000,21000,4200,20.0,630,80,0.38095238095238093,2018-Q4
Kansas,5500,5500,1000,18.181818181818183,420,10,0.18181818181818182,2018-Q4
Kentucky,7000,7000,2000,28.57142857142857,60,430,6.142857142857143,2018-Q4
Louisiana,50000,52000,2600,5.0,130,200,0.4,2018-Q4
Maine,12000,12000,1400,11.666666666666666,210,880,7.333333333333333,2018-Q4
Maryland,7000,9000,690,7.666666666666666,60,90,1.2857142857142856,2018-Q4
Massachusetts,4900,4900,650,13.26530612244898,110,320,6.530612244897959,2018-Q4
Michigan,77000,77000,6000,7.792207792207792,3900,1800,2.3376623376623376,2018-Q4
Minnesota,84000,86000,11500,13.372093023255813,2500,590,0.7023809523809524,2018-Q4
Mississippi,14500,25000,2000,8.0,330,50,0.3448275862068966,2018-Q4
Missouri,10000,10000,880,8.799999999999999,170,150,1.5,2018-Q4
Montana,98000,102000,5500,5.392156862745098,3100,500,0.5102040816326531,2018-Q4
Nebraska,45000,45000,5000,11.11111111111111,7000,840,1.866666666666667,2018-Q4
New Jersey,15500,15500,1300,8.38709677419355,30,80,0.5161290322580645,2018-Q4
New Mexico,8000,8000,3000,37.5,50,0,0.0,2018-Q4
New York,53000,53000,4400,8.30188679245283,1000,1500,2.8301886792452833,2018-Q4
North Carolina,16000,16000,2700,16.875,250,300,1.875,2018-Q4
North Dakota,430000,435000,29000,6.666666666666667,7500,1500,0.3488372093023256,2018-Q4
Ohio,15500,15500,2100,13.548387096774196,170,450,2.903225806451613,2018-Q4
Oklahoma,2200,57000,2500,4.385964912280701,60,20,0.9090909090909091,2018-Q4
Oregon,89000,101000,13000,12.871287128712872,10500,12000,13.48314606741573,2018-Q4
Pennsylvania,21000,21000,4000,19.047619047619047,270,1500,7.142857142857142,2018-Q4
South Carolina,10000,12500,1500,12.0,770,790,7.9,2018-Q4
South Dakota,140000,140000,21000,15.0,2000,430,0.3071428571428571,2018-Q4
Tennessee,8000,8500,1900,22.35294117647059,30,370,4.625,2018-Q4
Texas,116000,260000,17000,6.538461538461539,11000,70,0.0603448275862069,2018-Q4
Utah,27000,27000,3400,12.592592592592592,180,400,1.4814814814814816,2018-Q4
Vermont,6500,6500,170,2.6153846153846154,10,20,0.3076923076923077,2018-Q4
Virginia,7000,7000,1100,15.714285714285714,80,1300,18.571428571428573,2018-Q4
Washington,75000,81000,11000,13.580246913580247,5500,1400,1.866666666666667,2018-Q4
West Virginia,7000,7000,1200,17.142857142857142,50,70,1.0,2018-Q4
Wisconsin,48000,48000,8500,17.708333333333336,1600,530,1.1041666666666667,2018-Q4
Wyoming,30000,32000,2700,8.4375,220,0,0.0,2018-Q4
Other,8370,8670,1150,13.264129181084197,20,500,5.973715651135006,2018-Q4
United States,2868970,3764570,444730,11.813567020934663,219640,154560,5.387299274652576,2018-Q4
Alabama,5500,5500,650,11.818181818181818,800,200,3.6363636363636362,2019-Q1
Arizona,22000,22000,2500,11.363636363636363,430,90,0.4090909090909091,2019-Q1
Arkansas,28000,28000,6500,23.214285714285715,20,20,0.07142857142857142,2019-Q1
California,1140000,1580000,235000,14.873417721518987,83000,86000,7.5438596491228065,2019-Q1
Colorado,5000,7500,320,4.266666666666667,0,0,0.0,2019-Q1
Connecticut,3100,3100,270,8.709677419354838,170,10,0.3225806451612903,2019-Q1
Florida,300000,315000,46000,14.603174603174605,41000,16500,5.5,2019-Q1
Georgia,120000,129000,14500,11.24031007751938,19500,8000,6.666666666666667,2019-Q1
Hawaii,16500,16500,390,2.3636363636363638,660,3700,22.424242424242426,2019-Q1
Idaho,132000,145000,12500,8.620689655172415,4600,1100,0.8333333333333334,2019-Q1
Illinois,9000,9000,2300,25.555555555555554,210,80,0.8888888888888888,2019-Q1
Indiana,6000,6000,710,11.833333333333334,440,280,4.666666666666667,2019-Q1
Iowa,7500,11500,1600,13.91304347826087,170,140,1.866666666666667,2019-Q1
Kansas,4500,4500,1500,33.33333333333333,370,110,2.4444444444444446,2019-Q1
Kentucky,3700,4400,890,20.227272727272727,60,30,0.8108108108108109,2019-Q1
Louisiana,49000,51000,3500,6.862745098039216,9000,16000,32.6530612244898,2019-Q1
Maine,7000,7000,470,6.714285714285714,10,30,0.4285714285714286,2019-Q1
Maryland,8000,8000,2300,28.749999999999996,30,10,0.125,2019-Q1
Massachusetts,3800,3800,680,17.894736842105264,60,20,0.5263157894736842,2019-Q1
Michigan,24000,33000,6500,19.696969696969695,0,0,0.0,2019-Q1
Minnesota,17000,43000,2200,5.116279069767442,80,470,2.764705882352941,2019-Q1
Mississippi,26000,29000,2400,8.275862068965518,3800,1700,6.538461538461539,2019-Q1
Missouri,8500,8500,1100,12.941176470588237,80,60,0.7058823529411765,2019-Q1
Montana,37000,68000,3500,5.147058823529411,1700,1900,5.135135135135135,2019-Q1
Nebraska,13500,16500,2500,15.151515151515152,0,0,0.0,2019-Q1
New Jersey,6000,6000,310,5.166666666666667,130,60,1.0,2019-Q1
New Mexico,4800,4800,170,3.5416666666666665,0,0,0.0,2019-Q1
New York,24000,24000,3400,14.166666666666666,110,80,0.33333333333333337,2019-Q1
North Carolina,10500,14500,1700,11.724137931034482,750,890,8.476190476190476,2019-Q1
North Dakota,92000,102000,1100,1.0784313725490196,0,1300,1.4130434782608696,2019-Q1
Ohio,10500,12500,3500,28.000000000000004,1700,440,4.190476190476191,2019-Q1
Oklahoma,21000,55000,50,0.09090909090909091,20,0,0.0,2019-Q1
Oregon,89000,95000,7500,7.894736842105263,8000,1800,2.0224719101123596,2019-Q1
Pennsylvania,15000,15000,2900,19.333333333333332,370,320,2.1333333333333333,2019-Q1
South Carolina,12000,13000,690,5.3076923076923075,2000,340,2.833333333333333,2019-Q1
South Dakota,18500,18500,1100,5.9459459459459465,0,0,0.0,2019-Q1
Tennessee,6000,7000,1500,21.428571428571427,240,320,5.333333333333334,2019-Q1
Texas,260000,330000,17000,5.151515151515151,61000,35000,13.461538461538462,2019-Q1
Utah,8500,11000,1800,16.363636363636363,900,0,0.0,2019-Q1
Vermont,6500,6500,260,4.0,50,20,0.3076923076923077,2019-Q1
Virginia,5500,5500,1100,20.0,80,110,2.0,2019-Q1
Washington,51000,75000,7000,9.333333333333334,5500,2200,4.313725490196078,2019-Q1
West Virginia,5000,7000,1300,18.571428571428573,20,60,1.2,2019-Q1
Wisconsin,16500,17000,3700,21.764705882352942,580,100,0.6060606060606061,2019-Q1
Wyoming,6500,9500,250,2.631578947368421,0,0,0.0,2019-Q1
Other,6070,6070,590,9.71993410214168,70,30,0.4942339373970346,2019-Q1
United States,2671470,3389670,407700,12.027719512518917,247710,179500,6.719147136220882,2019-Q1
Alabama,5500,5500,650,11.818181818181818,800,200,3.6363636363636362,2019-Q2
Arizona,22000,22000,2500,11.363636363636363,430,90,0.4090909090909091,2019-Q2
Arkansas,28000,28000,6500,23.214285714285715,20,20,0.07142857142857142,2019-Q2
California,1140000,1580000,235000,14.873417721518987,83000,86000,7.5438596491228065,2019-Q2
Colorado,5000,7500,320,4.266666666666667,0,0,0.0,2019-Q2
Connecticut,3100,3100,270,8.709677419354838,170,10,0.3225806451612903,2019-Q2
Florida,300000,315000,46000,14.603174603174605,41000,16500,5.5,2019-Q2
Georgia,120000,129000,14500,11.24031007751938,19500,8000,6.666666666666667,2019-Q2
Hawaii,16500,16500,390,2.3636363636363638,660,3700,22.424242424242426,2019-Q2
Idaho,132000,145000,12500,8.620689655172415,4600,1100,0.8333333333333334,2019-Q2
Illinois,9000,9000,2300,25.555555555555554,210,80,0.8888888888888888,2019-Q2
Indiana,6000,6000,710,11.833333333333334,440,280,4.666666666666667,2019-Q2
Iowa,7500,11500,1600,13.91304347826087,170,140,1.866666666666667,2019-Q2
Kansas,4500,4500,1500,33.33333333333333,370,110,2.4444444444444446,2019-Q2
Kentucky,3700,4400,890,20.227272727272727,60,30,0.8108108108108109,2019-Q2
Louisiana,49000,51000,3500,6.862745098039216,9000,16000,32.6530612244898,2019-Q2
Maine,7000,7000,470,6.714285714285714,10,30,0.4285714285714286,2019-Q2
Maryland,8000,8000,2300,28.749999999999996,30,10,0.125,2019-Q2
Massachusetts,3800,3800,680,17.894736842105264,60,20,0.5263157894736842,2019-Q2
Michigan,24000,33000,6500,19.696969696969695,0,0,0.0,2019-Q2
Minnesota,17000,43000,2200,5.116279069767442,80,470,2.764705882352941,2019-Q2
Mississippi,26000,29000,2400,8.275862068965518,3800,1700,6.538461538461539,2019-Q2
Missouri,8500,8500,1100,12.941176470588237,80,60,0.7058823529411765,2019-Q2
Montana,37000,68000,3500,5.147058823529411,1700,1900,5.135135135135135,2019-Q2
Nebraska,13500,16500,2500,15.151515151515152,0,0,0.0,2019-Q2
New Jersey,6000,6000,310,5.166666666666667,130,60,1.0,2019-Q2
New Mexico,4800,4800,170,3.5416666666666665,0,0,0.0,2019-Q2
New York,24000,24000,3400,14.166666666666666,110,80,0.33333333333333337,2019-Q2
North Carolina,10500,14500,1700,11.724137931034482,750,890,8.476190476190476,2019-Q2
North Dakota,92000,102000,1100,1.0784313725490196,0,1300,1.4130434782608696,2019-Q2
Ohio,10500,12500,3500,28.000000000000004,1700,440,4.190476190476191,2019-Q2
Oklahoma,21000,55000,50,0.09090909090909091,20,0,0.0,2019-Q2
Oregon,89000,95000,7500,7.894736842105263,8000,1800,2.0224719101123596,2019-Q2
Pennsylvania,15000,15000,2900,19.333333333333332,370,320,2.1333333333333333,2019-Q2
South Carolina,12000,13000,690,5.3076923076923075,2000,340,2.833333333333333,2019-Q2
South Dakota,18500,18500,1100,5.9459459459459465,0,0,0.0,2019-Q2
Tennessee,6000,7000,1500,21.428571428571427,240,320,5.333333333333334,2019-Q2
Texas,260000,330000,17000,5.151515151515151,61000,35000,13.461538461538462,2019-Q2
Utah,8500,11000,1800,16.363636363636363,900,0,0.0,2019-Q2
Vermont,6500,6500,260,4.0,50,20,0.3076923076923077,2019-Q2
Virginia,5500,5500,1100,20.0,80,110,2.0,2019-Q2
Washington,51000,75000,7000,9.333333333333334,5500,2200,4.313725490196078,2019-Q2
West Virginia,5000,7000,1300,18.571428571428573,20,60,1.2,2019-Q2
Wisconsin,16500,17000,3700,21.764705882352942,580,100,0.6060606060606061,2019-Q2
Wyoming,6500,9500,250,2.631578947368421,0,0,0.0,2019-Q2
Other,6070,6070,590,9.71993410214168,70,30,0.4942339373970346,2019-Q2
United States,2671470,3389670,407700,12.027719512518917,247710,179500,6.719147136220882,2019-Q2
Alabama,7000,7000,990,14.142857142857142,160,330,4.714285714285714,2019-Q3
Arizona,26000,30000,2000,6.666666666666667,5500,3800,14.615384615384617,2019-Q3
Arkansas,20000,21000,2100,10.0,170,680,3.4000000000000004,2019-Q3
California,650000,700000,93000,13.285714285714286,87000,108000,16.615384615384617,2019-Q3
Colorado,33000,36000,9500,26.38888888888889,2200,3400,10.303030303030303,2019-Q3
Connecticut,4400,4400,200,4.545454545454546,70,470,10.681818181818182,2019-Q3
Florida,210000,240000,20000,8.333333333333332,46000,33000,15.714285714285714,2019-Q3
Georgia,116000,118000,13000,11.016949152542372,12000,36000,31.03448275862069,2019-Q3
Hawaii,17000,17000,200,1.1764705882352942,200,6000,35.294117647058826,2019-Q3
Idaho,95000,111000,10500,9.45945945945946,8500,12500,13.157894736842104,2019-Q3
Illinois,13500,13500,940,6.962962962962963,460,1300,9.62962962962963,2019-Q3
Indiana,14000,16000,1000,6.25,2200,1500,10.714285714285714,2019-Q3
Iowa,30000,33000,3400,10.303030303030303,2000,4800,16.0,2019-Q3
Kansas,7500,7500,1900,25.333333333333336,190,400,5.333333333333334,2019-Q3
Kentucky,8000,8500,850,10.0,700,430,5.375,2019-Q3
Louisiana,42000,44000,4100,9.318181818181818,4400,13000,30.952380952380953,2019-Q3
Maine,11500,12000,1100,9.166666666666666,460,3500,30.434782608695656,2019-Q3
Maryland,7500,7500,790,10.533333333333333,720,1200,16.0,2019-Q3
Massachusetts,13500,13500,1100,8.148148148148149,800,560,4.148148148148148,2019-Q3
Michigan,94000,99000,11000,11.11111111111111,3000,3300,3.5106382978723407,2019-Q3
Minnesota,126000,129000,21000,16.27906976744186,5000,2100,1.6666666666666667,2019-Q3
Mississippi,23000,23000,2900,12.608695652173912,550,850,3.6956521739130435,2019-Q3
Missouri,10500,10500,500,4.761904761904762,260,350,3.3333333333333335,2019-Q3
Montana,147000,154000,18500,12.012987012987013,3600,12500,8.503401360544217,2019-Q3
Nebraska,40000,41000,3700,9.024390243902438,680,1400,3.5000000000000004,2019-Q3
New Jersey,16000,16000,680,4.25,650,3100,19.375,2019-Q3
New Mexico,2400,5500,170,3.090909090909091,1000,550,22.916666666666664,2019-Q3
New York,65000,69000,8500,12.318840579710146,3200,3700,5.6923076923076925,2019-Q3
North Carolina,22000,22000,2700,12.272727272727273,1800,5000,22.727272727272727,2019-Q3
North Dakota,530000,530000,81000,15.283018867924527,15000,17500,3.30188679245283,2019-Q3
Ohio,19500,19500,1600,8.205128205128204,2800,3000,15.384615384615385,2019-Q3
Oklahoma,7500,7500,930,12.4,130,1100,14.666666666666666,2019-Q3
Oregon,83000,118000,8000,6.779661016949152,6000,21000,25.301204819277107,2019-Q3
Pennsylvania,19000,20000,980,4.9,1800,1900,10.0,2019-Q3
South Carolina,14500,14500,2200,15.172413793103448,2000,1400,9.655172413793103,2019-Q3
South Dakota,255000,255000,51000,20.0,1300,8000,3.1372549019607843,2019-Q3
Tennessee,14000,14000,4500,32.142857142857146,2200,2200,15.714285714285714,2019-Q3
Texas,126000,133000,11000,8.270676691729323,6500,7000,5.555555555555555,2019-Q3
Utah,24000,29000,2800,9.655172413793103,3500,1700,7.083333333333333,2019-Q3
Vermont,7000,7000,120,1.7142857142857144,80,490,7.000000000000001,2019-Q3
Virginia,9000,9000,570,6.333333333333334,350,820,9.11111111111111,2019-Q3
Washington,85000,97000,21000,21.649484536082475,12000,10000,11.76470588235294,2019-Q3
West Virginia,10000,10000,1100,11.0,200,1100,11.0,2019-Q3
Wisconsin,63000,63000,6500,10.317460317460316,2400,10000,15.873015873015872,2019-Q3
Wyoming,24000,27000,3000,11.11111111111111,2500,3500,14.583333333333334,2019-Q3
Other,13660,13900,2080,14.964028776978417,320,900,6.588579795021962,2019-Q3
United States,3175960,3376300,434700,12.875040725054054,252550,355330,11.188113200418142,2019-Q3
Alabama,6000,6000,660,11.0,240,70,1.1666666666666667,2019-Q4
Arizona,34000,36000,7000,19.444444444444446,300,300,0.8823529411764706,2019-Q4
Arkansas,19000,19500,1600,8.205128205128204,430,310,1.631578947368421,2019-Q4
California,700000,1300000,136000,10.461538461538462,160000,37000,5.285714285714286,2019-Q4
Colorado,27000,27000,8000,29.629629629629626,1100,440,1.6296296296296295,2019-Q4
Connecticut,3800,4000,300,7.5,10,50,1.3157894736842104,2019-Q4
Florida,270000,300000,30000,10.0,28000,15000,5.555555555555555,2019-Q4
Georgia,119000,131000,20000,15.267175572519085,10500,10500,8.823529411764707,2019-Q4
Hawaii,17000,17000,1300,7.647058823529412,300,50,0.29411764705882354,2019-Q4
Idaho,111000,196000,15500,7.908163265306123,1800,1000,0.9009009009009009,2019-Q4
Illinois,13000,13000,1700,13.076923076923078,1000,1500,11.538461538461538,2019-Q4
Indiana,17500,17500,1300,7.428571428571429,160,180,1.0285714285714285,2019-Q4
Iowa,32000,32000,7500,23.4375,1500,530,1.65625,2019-Q4
Kansas,4800,4900,650,13.26530612244898,190,460,9.583333333333334,2019-Q4
Kentucky,8500,8500,410,4.823529411764706,190,170,2.0,2019-Q4
Louisiana,41000,46000,2300,5.0,70,80,0.1951219512195122,2019-Q4
Maine,11500,11500,770,6.695652173913043,110,40,0.34782608695652173,2019-Q4
Maryland,6500,8000,1100,13.750000000000002,390,420,6.461538461538462,2019-Q4
Massachusetts,5000,5000,1200,24.0,60,130,2.6,2019-Q4
Michigan,84000,84000,6500,7.738095238095238,820,1500,1.7857142857142856,2019-Q4
Minnesota,97000,97000,15500,15.979381443298967,3400,60,0.06185567010309278,2019-Q4
Mississippi,21000,29000,3400,11.724137931034482,350,50,0.2380952380952381,2019-Q4
Missouri,9000,10000,1500,15.0,260,10,0.1111111111111111,2019-Q4
Montana,71000,79000,7000,8.860759493670885,770,4000,5.633802816901409,2019-Q4
Nebraska,37000,38000,2700,7.105263157894736,320,10,0.02702702702702703,2019-Q4
New Jersey,15500,15500,220,1.4193548387096775,60,80,0.5161290322580645,2019-Q4
New Mexico,6000,6000,70,1.1666666666666667,30,10,0.16666666666666669,2019-Q4
New York,65000,65000,10000,15.384615384615385,630,510,0.7846153846153846,2019-Q4
North Carolina,17500,18000,3200,17.77777777777778,240,770,4.3999999999999995,2019-Q4
North Dakota,420000,420000,27000,6.428571428571428,3000,4300,1.023809523809524,2019-Q4
Ohio,19000,19000,2700,14.210526315789473,800,390,2.0526315789473686,2019-Q4
Oklahoma,6500,37000,2500,6.756756756756757,460,0,0.0,2019-Q4
Oregon,115000,130000,15000,11.538461538461538,650,2000,1.7391304347826086,2019-Q4
Pennsylvania,21000,21000,3800,18.095238095238095,1600,1100,5.238095238095238,2019-Q4
South Carolina,12500,13500,1900,14.074074074074074,1400,430,3.44,2019-Q4
South Dakota,189000,189000,7500,3.968253968253968,0,40,0.021164021164021166,2019-Q4
Tennessee,11000,11000,1300,11.818181818181818,20,70,0.6363636363636364,2019-Q4
Texas,129000,240000,17500,7.291666666666667,8000,1700,1.317829457364341,2019-Q4
Utah,30000,32000,4400,13.750000000000002,970,90,0.3,2019-Q4
Vermont,7000,7000,190,2.7142857142857144,100,270,3.8571428571428568,2019-Q4
Virginia,8000,8000,1200,15.0,10,190,2.375,2019-Q4
Washington,89000,93000,12500,13.440860215053762,810,100,0.11235955056179776,2019-Q4
West Virginia,7500,8000,1500,18.75,30,1600,21.333333333333336,2019-Q4
Wisconsin,46000,46000,8500,18.478260869565215,1800,3000,6.521739130434782,2019-Q4
Wyoming,27000,28000,3300,11.785714285714285,100,490,1.8148148148148149,2019-Q4
Other,11010,11510,1340,11.642050390964378,280,0,0.0,2019-Q4
United States,3018110,3938410,399510,10.143941336732336,233260,91000,3.0151319865743793,2019-Q4
Alabama,5500,7000,410,5.857142857142858,1900,780,14.181818181818182,2020-Q1
Arizona,29000,31000,8500,27.419354838709676,3000,120,0.41379310344827586,2020-Q1
Arkansas,16500,16500,1600,9.696969696969697,1800,30,0.18181818181818182,2020-Q1
California,1350000,1710000,230000,13.450292397660817,240000,66000,4.888888888888889,2020-Q1
Colorado,4500,13000,670,5.153846153846154,4000,500,11.11111111111111,2020-Q1
Connecticut,3700,3800,330,8.68421052631579,360,0,0.0,2020-Q1
Florida,295000,305000,30000,9.836065573770492,41000,8000,2.711864406779661,2020-Q1
Georgia,115000,119000,14500,12.184873949579831,41000,22000,19.130434782608695,2020-Q1
Hawaii,16000,16000,1800,11.25,1300,2200,13.750000000000002,2020-Q1
Idaho,156000,168000,18500,11.011904761904761,4400,920,0.5897435897435898,2020-Q1
Illinois,11500,11500,2400,20.869565217391305,2900,160,1.391304347826087,2020-Q1
Indiana,11000,11000,1600,14.545454545454545,1500,420,3.8181818181818183,2020-Q1
Iowa,9000,17000,1600,9.411764705882353,6000,420,4.666666666666667,2020-Q1
Kansas,4500,6500,760,11.692307692307692,2000,130,2.888888888888889,2020-Q1
Kentucky,7000,11000,1200,10.909090909090908,1400,120,1.7142857142857144,2020-Q1
Louisiana,44000,48000,4800,10.0,9000,20000,45.45454545454545,2020-Q1
Maine,1300,1300,160,12.307692307692308,460,0,0.0,2020-Q1
Maryland,7000,7000,1900,27.142857142857142,1900,30,0.4285714285714286,2020-Q1
Massachusetts,3800,3800,470,12.368421052631579,1100,100,2.631578947368421,2020-Q1
Michigan,60000,60000,7000,11.666666666666666,10000,100,0.16666666666666669,2020-Q1
Minnesota,21000,58000,920,1.5862068965517242,1300,40,0.19047619047619047,2020-Q1
Mississippi,26000,28000,5000,17.857142857142858,16000,660,2.5384615384615383,2020-Q1
Missouri,8500,8500,5500,64.70588235294117,3400,0,0.0,2020-Q1
Montana,18000,47000,150,0.3191489361702127,500,0,0.0,2020-Q1
Nebraska,9000,17000,670,3.9411764705882355,70,0,0.0,2020-Q1
New Jersey,6500,6500,430,6.615384615384616,800,40,0.6153846153846154,2020-Q1
New Mexico,6000,6000,40,0.6666666666666667,120,0,0.0,2020-Q1
New York,29000,36000,2500,6.944444444444445,230,370,1.2758620689655173,2020-Q1
North Carolina,15000,24000,2500,10.416666666666668,2600,490,3.266666666666666,2020-Q1
North Dakota,53000,82000,7500,9.146341463414634,0,0,0.0,2020-Q1
Ohio,15500,21000,6000,28.57142857142857,840,1100,7.096774193548387,2020-Q1
Oklahoma,19500,19500,700,3.5897435897435894,5000,0,0.0,2020-Q1
Oregon,97000,108000,4800,4.444444444444445,9000,1700,1.7525773195876289,2020-Q1
Pennsylvania,18500,26000,2100,8.076923076923077,370,320,1.7297297297297298,2020-Q1
South Carolina,13000,17000,1400,8.235294117647058,2700,1100,8.461538461538462,2020-Q1
South Dakota,20000,20000,1200,6.0,20,0,0.0,2020-Q1
Tennessee,8000,14000,2700,19.28571428571429,2200,130,1.625,2020-Q1
Texas,235000,340000,35000,10.294117647058822,83000,24000,10.212765957446807,2020-Q1
Utah,12000,19000,1100,5.7894736842105265,3000,0,0.0,2020-Q1
Vermont,6500,7000,520,7.428571428571429,500,70,1.0769230769230769,2020-Q1
Virginia,6000,7000,1100,15.714285714285714,1600,60,1.0,2020-Q1
Washington,49000,74000,1500,2.027027027027027,580,150,0.30612244897959184,2020-Q1
West Virginia,6000,8000,1100,13.750000000000002,600,680,11.333333333333332,2020-Q1
Wisconsin,16000,28000,1900,6.785714285714286,700,370,2.3125,2020-Q1
Wyoming,4000,17000,140,0.823529411764706,450,60,1.5,2020-Q1
Other,7800,7800,440,5.641025641025641,560,20,0.2564102564102564,2020-Q1
United States,2876100,3612700,415110,11.490298114983254,511160,153390,5.333263794722019,2020-Q1
Alabama,8500,8500,4100,48.23529411764706,4700,2600,30.58823529411765,2020-Q2
Arizona,26000,26000,1300,5.0,14500,4700,18.076923076923077,2020-Q2
Arkansas,17000,17000,1800,10.588235294117647,4900,800,4.705882352941177,2020-Q2
California,1200000,1200000,100000,8.333333333333332,175000,240000,20.0,2020-Q2
Colorado,16500,27000,2100,7.777777777777778,7000,2800,16.969696969696972,2020-Q2
Connecticut,3900,4300,30,0.6976744186046512,1200,450,11.538461538461538,2020-Q2
Florida,310000,310000,40000,12.903225806451612,25000,18500,5.967741935483871,2020-Q2
Georgia,145000,147000,10000,6.802721088435375,18500,20000,13.793103448275861,2020-Q2
Hawaii,15500,15500,0,0.0,3000,2300,14.838709677419354,2020-Q2
Idaho,48000,81000,18000,22.22222222222222,22000,29000,60.416666666666664,2020-Q2
Illinois,12000,12000,1500,12.5,4200,1700,14.166666666666666,2020-Q2
Indiana,11000,12000,920,7.666666666666666,4500,1800,16.363636363636363,2020-Q2
Iowa,21000,29000,3600,12.413793103448276,17000,4700,22.380952380952383,2020-Q2
Kansas,7500,8000,680,8.5,1900,1800,24.0,2020-Q2
Kentucky,11000,11000,1200,10.909090909090908,4200,3500,31.818181818181817,2020-Q2
Louisiana,53000,53000,1800,3.3962264150943398,2300,4700,8.867924528301886,2020-Q2
Maine,1600,22000,700,3.1818181818181817,520,110,6.875000000000001,2020-Q2
Maryland,7000,8000,670,8.375,4400,1700,24.285714285714285,2020-Q2
Massachusetts,4400,13500,630,4.666666666666667,870,540,12.272727272727273,2020-Q2
Michigan,64000,85000,1500,1.7647058823529411,11000,10000,15.625,2020-Q2
Minnesota,59000,126000,13000,10.317460317460316,9000,2600,4.406779661016949,2020-Q2
Mississippi,34000,37000,4500,12.162162162162163,1500,570,1.6764705882352942,2020-Q2
Missouri,6500,6500,390,6.0,2800,1200,18.461538461538463,2020-Q2
Montana,48000,120000,2000,1.6666666666666667,18000,16000,33.33333333333333,2020-Q2
Nebraska,16500,41000,1900,4.634146341463414,7000,1100,6.666666666666667,2020-Q2
New Jersey,7000,21000,710,3.380952380952381,1500,650,9.285714285714286,2020-Q2
New Mexico,3100,6000,1000,16.666666666666664,400,40,1.2903225806451613,2020-Q2
New York,34000,58000,4000,6.896551724137931,6000,2800,8.235294117647058,2020-Q2
North Carolina,24000,25000,1600,6.4,6000,1300,5.416666666666667,2020-Q2
North Dakota,67000,415000,20000,4.819277108433735,53000,38000,56.71641791044776,2020-Q2
Ohio,15500,16500,1700,10.303030303030303,9500,3700,23.870967741935484,2020-Q2
Oklahoma,16000,16000,1500,9.375,6000,3100,19.375,2020-Q2
Oregon,89000,96000,2500,2.604166666666667,11000,19000,21.34831460674157,2020-Q2
Pennsylvania,24000,28000,930,3.3214285714285716,5500,1500,6.25,2020-Q2
South Carolina,18500,18500,1700,9.18918918918919,2700,2500,13.513513513513514,2020-Q2
South Dakota,9500,220000,4600,2.090909090909091,10000,14500,152.63157894736844,2020-Q2
Tennessee,13500,13500,1200,8.88888888888889,4200,3200,23.703703703703706,2020-Q2
Texas,360000,385000,35000,9.090909090909092,15000,136000,37.77777777777778,2020-Q2
Utah,21000,31000,2800,9.032258064516128,8500,13000,61.904761904761905,2020-Q2
Vermont,7000,7000,200,2.857142857142857,680,110,1.5714285714285716,2020-Q2
Virginia,7500,8000,1200,15.0,4800,1300,17.333333333333336,2020-Q2
Washington,50000,114000,3500,3.070175438596491,5000,3300,6.6000000000000005,2020-Q2
West Virginia,7500,7500,570,7.6,1600,1500,20.0,2020-Q2
Wisconsin,27000,55000,1700,3.090909090909091,14000,4600,17.037037037037038,2020-Q2
Wyoming,17500,30000,2000,6.666666666666667,4400,2100,12.0,2020-Q2
Other,6500,9840,260,2.642276422764228,1400,1500,23.076923076923077,2020-Q2
United States,2972000,4001140,300990,7.522606057273677,536170,626870,21.092530282637952,2020-Q2
Alabama,9000,19000,3700,19.473684210526315,1800,990,11.0,2020-Q3
Arizona,28000,30000,8000,26.666666666666668,2600,1800,6.428571428571428,2020-Q3
Arkansas,19000,22000,1700,7.727272727272727,1500,390,2.0526315789473686,2020-Q3
California,640000,700000,69000,9.857142857142858,61000,108000,16.875,2020-Q3
Colorado,29000,29000,7000,24.137931034482758,3800,5500,18.96551724137931,2020-Q3
Connecticut,4700,4700,300,6.382978723404255,130,150,3.1914893617021276,2020-Q3
Florida,220000,230000,29000,12.608695652173912,36000,31000,14.09090909090909,2020-Q3
Georgia,150000,163000,23000,14.11042944785276,22000,35000,23.333333333333332,2020-Q3
Hawaii,18500,18500,500,2.7027027027027026,4000,3400,18.37837837837838,2020-Q3
Idaho,70000,85000,11000,12.941176470588237,18500,8500,12.142857142857142,2020-Q3
Illinois,14000,14000,1400,10.0,770,690,4.928571428571429,2020-Q3
Indiana,15000,15000,1600,10.666666666666668,1200,2700,18.0,2020-Q3
Iowa,34000,38000,1800,4.736842105263158,1100,2900,8.529411764705882,2020-Q3
Kansas,7000,7000,910,13.0,600,730,10.428571428571429,2020-Q3
Kentucky,11500,12000,1400,11.666666666666666,800,510,4.434782608695651,2020-Q3
Louisiana,48000,48000,2600,5.416666666666667,1200,3100,6.458333333333334,2020-Q3
Maine,9500,10000,1500,15.0,700,820,8.631578947368421,2020-Q3
Maryland,7500,7500,690,9.2,1200,220,2.933333333333333,2020-Q3
Massachusetts,11000,11000,330,3.0,840,810,7.363636363636364,2020-Q3
Michigan,96000,106000,34000,32.075471698113205,37000,11000,11.458333333333332,2020-Q3
Minnesota,114000,119000,10500,8.823529411764707,1800,3700,3.245614035087719,2020-Q3
Mississippi,26000,29000,1600,5.517241379310345,2500,130,0.5,2020-Q3
Missouri,8000,8000,730,9.125,290,820,10.25,2020-Q3
Montana,138000,139000,8500,6.115107913669065,6500,28000,20.28985507246377,2020-Q3
Nebraska,47000,48000,4300,8.958333333333334,3000,3100,6.595744680851063,2020-Q3
New Jersey,17500,18500,2300,12.432432432432433,1500,1800,10.285714285714285,2020-Q3
New Mexico,5500,5500,1600,29.09090909090909,3300,760,13.818181818181818,2020-Q3
New York,61000,61000,3600,5.901639344262295,5500,1600,2.622950819672131,2020-Q3
North Carolina,26000,27000,4600,17.037037037037038,950,5500,21.153846153846153,2020-Q3
North Dakota,455000,495000,53000,10.707070707070706,57000,33000,7.252747252747254,2020-Q3
Ohio,22000,22000,1900,8.636363636363637,730,2100,9.545454545454547,2020-Q3
Oklahoma,7000,8000,1100,13.750000000000002,150,930,13.285714285714286,2020-Q3
Oregon,102000,124000,12000,9.67741935483871,13000,28000,27.450980392156865,2020-Q3
Pennsylvania,27000,27000,2200,8.148148148148149,2500,1200,4.444444444444445,2020-Q3
South Carolina,12000,13500,1800,13.333333333333334,1200,2200,18.333333333333332,2020-Q3
South Dakota,230000,235000,66000,28.085106382978726,30000,12500,5.434782608695652,2020-Q3
Tennessee,15000,15000,2200,14.666666666666666,460,860,5.733333333333333,2020-Q3
Texas,167000,173000,9500,5.491329479768786,9000,7500,4.491017964071856,2020-Q3
Utah,24000,30000,2000,6.666666666666667,1500,2300,9.583333333333334,2020-Q3
Vermont,7500,7500,210,2.8000000000000003,700,180,2.4,2020-Q3
Virginia,8500,8500,1200,14.117647058823529,910,730,8.588235294117647,2020-Q3
Washington,94000,104000,7000,6.730769230769231,5000,8500,9.042553191489363,2020-Q3
West Virginia,8000,8000,540,6.75,210,800,10.0,2020-Q3
Wisconsin,68000,68000,8000,11.76470588235294,970,9000,13.23529411764706,2020-Q3
Wyoming,33000,34000,3600,10.588235294117647,640,7500,22.727272727272727,2020-Q3
Other,10630,11630,2080,17.884780739466898,2230,700,6.585136406396989,2020-Q3
United States,3175330,3408830,411490,12.071297189944936,348280,381620,12.01827841515685,2020-Q3
Alabama,17000,17000,1100,6.470588235294119,750,60,0.35294117647058826,2020-Q4
Arizona,25000,27000,4000,14.814814814814813,5500,600,2.4,2020-Q4
Arkansas,22000,23000,2100,9.130434782608695,380,780,3.5454545454545454,2020-Q4
California,700000,1400000,164000,11.714285714285715,120000,58000,8.285714285714285,2020-Q4
Colorado,19000,19000,5000,26.31578947368421,930,20,0.10526315789473684,2020-Q4
Connecticut,4300,4600,500,10.869565217391305,20,20,0.46511627906976744,2020-Q4
Florida,240000,290000,29000,10.0,50000,17500,7.291666666666667,2020-Q4
Georgia,165000,174000,30000,17.24137931034483,11000,11000,6.666666666666667,2020-Q4
Hawaii,22000,22000,2700,12.272727272727273,200,370,1.6818181818181819,2020-Q4
Idaho,94000,180000,19000,10.555555555555555,8000,1700,1.8085106382978722,2020-Q4
Illinois,13000,13000,1700,13.076923076923078,330,410,3.1538461538461537,2020-Q4
Indiana,10000,11000,930,8.454545454545455,240,260,2.6,2020-Q4
Iowa,38000,38000,4800,12.631578947368421,700,850,2.236842105263158,2020-Q4
Kansas,6000,7000,2400,34.285714285714285,460,170,2.833333333333333,2020-Q4
Kentucky,11500,11500,1100,9.565217391304348,380,520,4.521739130434783,2020-Q4
Louisiana,46000,52000,1700,3.2692307692307696,30,620,1.3478260869565217,2020-Q4
Maine,9000,9000,100,1.1111111111111112,180,250,2.7777777777777777,2020-Q4
Maryland,6000,8000,980,12.25,60,460,7.666666666666666,2020-Q4
Massachusetts,10000,10000,390,3.9,270,90,0.8999999999999999,2020-Q4
Michigan,97000,101000,10500,10.396039603960396,2400,1600,1.6494845360824744,2020-Q4
Minnesota,99000,105000,9500,9.047619047619047,1200,340,0.3434343434343434,2020-Q4
Mississippi,30000,37000,3800,10.27027027027027,300,30,0.1,2020-Q4
Missouri,6500,7000,750,10.714285714285714,20,110,1.6923076923076923,2020-Q4
Montana,81000,92000,14000,15.217391304347828,3500,290,0.3580246913580247,2020-Q4
Nebraska,43000,43000,7000,16.27906976744186,280,2500,5.813953488372093,2020-Q4
New Jersey,18000,18000,310,1.7222222222222223,2000,480,2.666666666666667,2020-Q4
New Mexico,2400,3600,190,5.277777777777778,80,50,2.083333333333333,2020-Q4
New York,52000,52000,4100,7.884615384615384,2400,5000,9.615384615384617,2020-Q4
North Carolina,16500,22000,2500,11.363636363636363,200,9000,54.54545454545454,2020-Q4
North Dakota,445000,445000,45000,10.112359550561797,12500,0,0.0,2020-Q4
Ohio,21000,21000,1600,7.6190476190476195,10,490,2.3333333333333335,2020-Q4
Oklahoma,7000,28000,300,1.0714285714285714,250,0,0.0,2020-Q4
Oregon,122000,123000,15500,12.601626016260163,7000,2600,2.1311475409836063,2020-Q4
Pennsylvania,23000,25000,1900,7.6,580,440,1.9130434782608694,2020-Q4
South Carolina,11500,18500,2600,14.054054054054054,270,210,1.8260869565217392,2020-Q4
South Dakota,197000,197000,16000,8.121827411167512,1000,150,0.07614213197969542,2020-Q4
Tennessee,13500,13500,680,5.037037037037037,20,640,4.7407407407407405,2020-Q4
Texas,144000,255000,43000,16.862745098039216,27000,1700,1.1805555555555556,2020-Q4
Utah,29000,29000,3800,13.10344827586207,1800,50,0.1724137931034483,2020-Q4
Vermont,8000,8000,270,3.375,30,0,0.0,2020-Q4
Virginia,8000,8500,1000,11.76470588235294,70,450,5.625,2020-Q4
Washington,102000,103000,16500,16.019417475728158,6000,2000,1.9607843137254901,2020-Q4
West Virginia,7500,7500,550,7.333333333333333,120,800,10.666666666666668,2020-Q4
Wisconsin,60000,60000,8000,13.333333333333334,2800,4700,7.833333333333334,2020-Q4
Wyoming,23000,25000,1600,6.4,160,380,1.652173913043478,2020-Q4
Other,10640,10740,2470,22.998137802607076,80,1300,12.218045112781954,2020-Q4
United States,3135340,4174440,484920,11.61640842843591,271500,128990,4.114067373873328,2020-Q4
Alabama,10000,10000,1200,12.0,670,200,2.0,2021-Q1
Arizona,29000,29000,7000,24.137931034482758,3500,180,0.6206896551724138,2021-Q1
Arkansas,21000,21000,2200,10.476190476190476,790,130,0.6190476190476191,2021-Q1
California,1240000,1550000,193000,12.451612903225806,76000,84000,6.774193548387098,2021-Q1
Colorado,3000,16500,640,3.878787878787879,850,30,1.0,2021-Q1
Connecticut,4200,4200,780,18.571428571428573,350,50,1.1904761904761905,2021-Q1
Florida,300000,305000,31000,10.163934426229508,42000,17000,5.666666666666666,2021-Q1
Georgia,120000,120000,20000,16.666666666666664,34000,14500,12.083333333333334,2021-Q1
Hawaii,19500,19500,900,4.615384615384616,2400,1600,8.205128205128204,2021-Q1
Idaho,168000,171000,15000,8.771929824561402,9000,8500,5.059523809523809,2021-Q1
Illinois,9500,12500,3000,24.0,3300,200,2.1052631578947367,2021-Q1
Indiana,10000,11000,2700,24.545454545454547,3500,20,0.2,2021-Q1
Iowa,15000,25000,2100,8.4,3100,30,0.2,2021-Q1
Kansas,5000,6500,1400,21.53846153846154,2300,10,0.2,2021-Q1
Kentucky,9500,9500,2100,22.105263157894736,2500,80,0.8421052631578947,2021-Q1
Louisiana,51000,53000,7500,14.150943396226415,1100,3000,5.88235294117647,2021-Q1
Maine,2900,2900,300,10.344827586206897,60,80,2.7586206896551726,2021-Q1
Maryland,7000,7000,1200,17.142857142857142,590,240,3.428571428571429,2021-Q1
Massachusetts,5000,5000,1000,20.0,30,90,1.7999999999999998,2021-Q1
Michigan,78000,78000,1500,1.9230769230769231,320,4100,5.256410256410256,2021-Q1
Minnesota,41000,68000,3200,4.705882352941177,2900,140,0.34146341463414637,2021-Q1
Mississippi,33000,36000,5500,15.277777777777779,14500,3800,11.515151515151516,2021-Q1
Missouri,5500,5500,1500,27.27272727272727,780,40,0.7272727272727273,2021-Q1
Montana,40000,51000,310,0.607843137254902,0,20,0.05,2021-Q1
Nebraska,11000,17500,640,3.6571428571428575,1300,0,0.0,2021-Q1
New Jersey,14000,14000,360,2.571428571428571,610,80,0.5714285714285714,2021-Q1
New Mexico,3500,3500,230,6.571428571428571,2200,0,0.0,2021-Q1
New York,30000,30000,4900,16.333333333333332,3400,380,1.2666666666666666,2021-Q1
North Carolina,18000,21000,2100,10.0,2700,110,0.6111111111111112,2021-Q1
North Dakota,51000,65000,180,0.2769230769230769,2700,0,0.0,2021-Q1
Ohio,17500,17500,4000,22.857142857142858,120,20,0.1142857142857143,2021-Q1
Oklahoma,28000,28000,2600,9.285714285714286,4100,360,1.2857142857142856,2021-Q1
Oregon,76000,79000,3100,3.9240506329113924,2600,610,0.8026315789473684,2021-Q1
Pennsylvania,20000,21000,5500,26.190476190476193,4100,40,0.2,2021-Q1
South Carolina,15500,18500,1200,6.486486486486487,930,190,1.2258064516129032,2021-Q1
South Dakota,28000,34000,450,1.3235294117647058,0,0,0.0,2021-Q1
Tennessee,12000,13000,2200,16.923076923076923,960,310,2.5833333333333335,2021-Q1
Texas,240000,345000,23000,6.666666666666667,56000,13000,5.416666666666667,2021-Q1
Utah,17500,18500,2500,13.513513513513514,4000,0,0.0,2021-Q1
Vermont,7500,7500,1300,17.333333333333336,670,70,0.9333333333333335,2021-Q1
Virginia,7000,7000,1400,20.0,2300,50,0.7142857142857143,2021-Q1
Washington,48000,67000,6000,8.955223880597014,5500,850,1.7708333333333333,2021-Q1
West Virginia,7000,7500,1200,16.0,1700,720,10.285714285714285,2021-Q1
Wisconsin,25000,37000,2500,6.756756756756757,7000,170,0.6799999999999999,2021-Q1
Wyoming,13000,14500,1700,11.724137931034482,500,1200,9.230769230769232,2021-Q1
Other,6640,6640,540,8.132530120481928,600,70,1.0542168674698795,2021-Q1
United States,2923240,3489740,372630,10.67787285012637,308530,156270,5.34578070907623,2021-Q1
Alabama,9500,9500,2700,28.421052631578945,2800,930,9.789473684210526,2021-Q2
Arizona,26000,26000,4200,16.153846153846153,8500,7500,28.846153846153843,2021-Q2
Arkansas,12000,12000,1600,13.333333333333334,9000,6000,50.0,2021-Q2
California,1050000,1060000,64000,6.037735849056604,200000,180000,17.142857142857142,2021-Q2
Colorado,17000,22000,5500,25.0,4800,1100,6.470588235294119,2021-Q2
Connecticut,3800,4000,60,1.5,960,400,10.526315789473683,2021-Q2
Florida,300000,300000,33000,11.0,52000,31000,10.333333333333334,2021-Q2
Georgia,135000,136000,20000,14.705882352941178,25000,18500,13.703703703703704,2021-Q2
Hawaii,21000,21000,630,3.0,460,1200,5.714285714285714,2021-Q2
Idaho,86000,120000,19500,16.25,40000,19000,22.093023255813954,2021-Q2
Illinois,13000,13000,1100,8.461538461538462,3700,2100,16.153846153846153,2021-Q2
Indiana,12000,12500,560,4.4799999999999995,4000,1000,8.333333333333332,2021-Q2
Iowa,26000,27000,2200,8.148148148148149,10500,3900,15.0,2021-Q2
Kansas,7500,8000,870,10.875,4900,1600,21.333333333333336,2021-Q2
Kentucky,10000,11500,270,2.3478260869565215,2100,4500,45.0,2021-Q2
Louisiana,29000,30000,2300,7.666666666666666,8000,2000,6.896551724137931,2021-Q2
Maine,2000,18000,1100,6.111111111111111,430,260,13.0,2021-Q2
Maryland,6500,7500,320,4.266666666666667,2600,690,10.615384615384615,2021-Q2
Massachusetts,4000,10000,810,8.1,1400,310,7.75,2021-Q2
Michigan,75000,97000,3500,3.608247422680412,10000,8000,10.666666666666668,2021-Q2
Minnesota,69000,98000,5500,5.612244897959184,28000,4000,5.797101449275362,2021-Q2
Mississippi,34000,35000,4800,13.714285714285715,9000,8000,23.52941176470588,2021-Q2
Missouri,4800,4800,670,13.958333333333334,2000,670,13.958333333333334,2021-Q2
Montana,38000,116000,3100,2.6724137931034484,13500,15500,40.78947368421053,2021-Q2
Nebraska,18500,37000,1800,4.864864864864865,8500,810,4.378378378378378,2021-Q2
New Jersey,14500,19500,410,2.1025641025641026,1400,140,0.9655172413793104,2021-Q2
New Mexico,5500,5500,540,9.818181818181818,80,2300,41.81818181818181,2021-Q2
New York,29000,50000,3000,6.0,14500,4100,14.13793103448276,2021-Q2
North Carolina,22000,23000,1700,7.391304347826087,6000,3300,15.0,2021-Q2
North Dakota,42000,395000,4400,1.1139240506329113,4800,3500,8.333333333333332,2021-Q2
Ohio,13000,13500,820,6.074074074074074,6500,2400,18.461538461538463,2021-Q2
Oklahoma,17000,17000,3600,21.176470588235293,4200,190,1.1176470588235294,2021-Q2
Oregon,80000,84000,3300,3.9285714285714284,25000,19500,24.375,2021-Q2
Pennsylvania,20000,23000,2100,9.130434782608695,7000,2800,14.000000000000002,2021-Q2
South Carolina,18500,19500,1800,9.230769230769232,4100,5000,27.027027027027028,2021-Q2
South Dakota,16500,198000,6500,3.2828282828282833,39000,19000,115.15151515151516,2021-Q2
Tennessee,12000,12000,720,6.0,4800,3400,28.333333333333332,2021-Q2
Texas,385000,425000,34000,8.0,65000,72000,18.7012987012987,2021-Q2
Utah,20000,31000,3500,11.29032258064516,8500,3900,19.5,2021-Q2
Vermont,7000,7000,40,0.5714285714285714,770,570,8.142857142857144,2021-Q2
Virginia,8000,8500,530,6.235294117647059,3100,820,10.25,2021-Q2
Washington,66000,122000,2900,2.3770491803278686,9500,2600,3.939393939393939,2021-Q2
West Virginia,8000,9000,170,1.8888888888888888,1900,390,4.875,2021-Q2
Wisconsin,42000,57000,2200,3.8596491228070176,9000,7500,17.857142857142858,2021-Q2
Wyoming,13500,30000,3400,11.333333333333332,7500,4900,36.2962962962963,2021-Q2
Other,5970,8410,140,1.6646848989298455,2890,3100,51.92629815745393,2021-Q2
United States,2855070,3793710,255860,6.74432152167667,677690,480380,16.825506905259765,2021-Q2
